"Date","Price","Open","High","Low","Vol.","Change %"
"12/31/2019","73.41","72.48","73.42","72.38","100.99M","0.73%"
"12/30/2019","72.88","72.36","73.17","71.31","144.24M","0.59%"
"12/27/2019","72.45","72.78","73.49","72.03","146.37M","-0.04%"
"12/26/2019","72.48","71.20","72.50","71.17","93.34M","1.98%"
"12/24/2019","71.07","71.17","71.22","70.73","48.48M","0.10%"
"12/23/2019","71.00","70.13","71.06","70.09","98.71M","1.63%"
"12/20/2019","69.86","70.56","70.66","69.64","276.13M","-0.20%"
"12/19/2019","70.00","69.88","70.30","69.74","98.51M","0.09%"
"12/18/2019","69.94","69.95","70.47","69.78","116.10M","-0.23%"
"12/17/2019","70.10","69.89","70.44","69.70","114.30M","0.19%"
"12/16/2019","69.97","69.25","70.20","69.25","128.32M","1.72%"
"12/13/2019","68.79","67.86","68.83","67.73","133.73M","1.37%"
"12/12/2019","67.86","66.94","68.14","66.83","137.75M","0.25%"
"12/11/2019","67.69","67.20","67.78","67.12","78.89M","0.85%"
"12/10/2019","67.12","67.15","67.52","66.47","90.53M","0.58%"
"12/09/2019","66.73","67.50","67.70","66.23","128.73M","-1.40%"
"12/06/2019","67.68","66.87","67.75","66.83","106.19M","1.94%"
"12/05/2019","66.39","65.95","66.47","65.68","74.65M","1.45%"
"12/04/2019","65.44","65.27","65.83","65.17","67.24M","0.89%"
"12/03/2019","64.86","64.58","64.88","64.07","117.51M","-1.79%"
"12/02/2019","66.04","66.82","67.06","65.86","94.77M","-1.15%"
"11/29/2019","66.81","66.65","67.00","66.47","46.62M","-0.22%"
"11/27/2019","66.96","66.39","67.00","66.33","65.54M","1.35%"
"11/26/2019","66.07","66.73","66.79","65.62","105.34M","-0.78%"
"11/25/2019","66.59","65.68","66.61","65.63","84.12M","1.76%"
"11/22/2019","65.44","65.65","65.80","65.21","65.33M","-0.09%"
"11/21/2019","65.50","65.92","66.00","65.30","121.40M","-0.46%"
"11/20/2019","65.80","66.39","66.52","65.10","106.44M","-1.16%"
"11/19/2019","66.57","66.97","67.00","66.35","76.28M","-0.31%"
"11/18/2019","66.78","66.45","66.86","66.06","86.80M","0.51%"
"11/15/2019","66.44","65.92","66.44","65.75","100.37M","1.19%"
"11/14/2019","65.66","65.94","66.22","65.53","89.58M","-0.70%"
"11/13/2019","66.12","65.28","66.19","65.27","103.27M","0.96%"
"11/12/2019","65.49","65.39","65.70","65.23","87.39M","-0.09%"
"11/11/2019","65.55","64.58","65.62","64.57","82.03M","0.80%"
"11/08/2019","65.03","64.67","65.11","64.21","70.08M","0.26%"
"11/07/2019","64.86","64.69","65.09","64.53","94.94M","0.86%"
"11/06/2019","64.31","64.19","64.37","63.84","75.86M","0.05%"
"11/05/2019","64.28","64.26","64.55","64.08","79.90M","-0.16%"
"11/04/2019","64.38","64.33","64.46","63.84","103.27M","0.67%"
"11/01/2019","63.95","62.38","63.98","62.29","151.13M","2.83%"
"10/31/2019","62.19","61.81","62.29","59.31","139.16M","2.27%"
"10/30/2019","60.81","61.19","61.33","60.30","124.52M","-0.02%"
"10/29/2019","60.82","62.24","62.44","60.64","142.84M","-2.31%"
"10/28/2019","62.26","61.85","62.31","61.68","96.57M","0.99%"
"10/25/2019","61.65","60.79","61.68","60.72","73.48M","1.23%"
"10/24/2019","60.90","61.13","61.20","60.45","71.67M","0.16%"
"10/23/2019","60.80","60.52","60.81","60.30","79.73M","1.35%"
"10/22/2019","59.99","60.29","60.55","59.91","90.74M","-0.23%"
"10/21/2019","60.13","59.38","60.25","59.33","89.47M","1.74%"
"10/18/2019","59.10","58.65","59.40","58.57","97.51M","0.48%"
"10/17/2019","58.82","58.77","59.04","58.38","69.09M","0.39%"
"10/16/2019","58.59","58.34","58.81","58.30","77.15M","-0.41%"
"10/15/2019","58.83","59.10","59.41","58.72","92.16M","-0.24%"
"10/14/2019","58.97","58.73","59.53","58.67","97.65M","-0.14%"
"10/11/2019","59.05","58.24","59.41","58.08","167.96M","2.66%"
"10/10/2019","57.52","56.98","57.61","56.83","115.85M","1.34%"
"10/09/2019","56.76","56.76","56.95","56.41","76.12M","1.18%"
"10/08/2019","56.10","56.45","57.02","56.08","117.13M","-1.18%"
"10/07/2019","56.77","56.57","57.48","56.46","123.56M","0.04%"
"10/04/2019","56.75","56.41","56.87","55.97","139.02M","2.81%"
"10/03/2019","55.20","54.61","55.24","53.78","121.41M","0.84%"
"10/02/2019","54.74","55.77","55.90","54.48","143.07M","-2.51%"
"10/01/2019","56.15","56.27","57.05","56.05","144.75M","0.29%"
"09/30/2019","55.99","55.23","56.15","55.20","105.27M","2.36%"
"09/27/2019","54.70","55.13","55.24","54.32","101.45M","-0.49%"
"09/26/2019","54.97","55.00","55.23","54.71","76.35M","-0.52%"
"09/25/2019","55.26","54.64","55.38","54.29","89.92M","1.54%"
"09/24/2019","54.42","55.26","55.62","54.30","125.74M","-0.48%"
"09/23/2019","54.68","54.74","54.96","54.41","77.68M","0.46%"
"09/20/2019","54.43","55.34","55.64","54.37","231.91M","-1.47%"
"09/19/2019","55.24","55.50","55.94","55.09","88.75M","-0.81%"
"09/18/2019","55.69","55.27","55.71","54.86","102.57M","0.94%"
"09/17/2019","55.17","54.99","55.20","54.78","73.55M","0.35%"
"09/16/2019","54.98","54.43","55.03","54.39","84.63M","0.53%"
"09/13/2019","54.69","55.00","55.20","54.26","159.05M","-1.94%"
"09/12/2019","55.77","56.20","56.60","55.72","128.91M","-0.23%"
"09/11/2019","55.90","54.52","55.93","54.43","177.16M","3.19%"
"09/10/2019","54.17","53.47","54.20","52.93","127.11M","1.18%"
"09/09/2019","53.54","53.71","54.11","52.77","109.24M","0.43%"
"09/06/2019","53.31","53.51","53.60","53.13","77.45M","-0.02%"
"09/05/2019","53.32","53.00","53.49","52.88","95.79M","1.95%"
"09/04/2019","52.30","52.10","52.37","51.83","76.87M","1.71%"
"09/03/2019","51.42","51.61","51.74","51.05","80.24M","-1.48%"
"08/30/2019","52.19","52.54","52.61","51.80","84.65M","-0.11%"
"08/29/2019","52.25","52.12","52.33","51.66","84.03M","1.69%"
"08/28/2019","51.38","51.02","51.43","50.83","63.83M","0.67%"
"08/27/2019","51.04","51.97","52.14","50.88","103.59M","-1.12%"
"08/26/2019","51.62","51.47","51.80","51.26","104.26M","1.89%"
"08/23/2019","50.66","52.36","53.01","50.25","187.53M","-4.63%"
"08/22/2019","53.12","53.30","53.61","52.69","89.07M","-0.08%"
"08/21/2019","53.16","53.25","53.41","52.90","86.26M","1.08%"
"08/20/2019","52.59","52.72","53.34","52.58","107.68M","0.00%"
"08/19/2019","52.59","52.66","53.18","52.51","97.73M","1.88%"
"08/16/2019","51.62","51.07","51.79","50.96","115.25M","2.34%"
"08/15/2019","50.44","50.87","51.28","49.92","111.53M","-0.49%"
"08/14/2019","50.69","50.79","51.61","50.65","146.19M","-2.97%"
"08/13/2019","52.24","50.26","53.03","50.21","190.16M","4.23%"
"08/12/2019","50.12","49.91","50.51","49.79","89.93M","-0.26%"
"08/09/2019","50.25","50.33","50.69","49.82","98.48M","-1.20%"
"08/08/2019","50.86","50.05","50.88","49.85","108.04M","2.21%"
"08/07/2019","49.76","48.85","49.89","48.45","133.46M","1.04%"
"08/06/2019","49.25","49.08","49.52","48.51","143.30M","1.88%"
"08/05/2019","48.34","49.50","49.66","48.15","209.57M","-5.23%"
"08/02/2019","51.01","51.38","51.61","50.41","163.45M","-2.11%"
"08/01/2019","52.11","53.48","54.51","51.69","216.07M","-2.16%"
"07/31/2019","53.26","54.10","55.34","52.83","277.13M","2.03%"
"07/30/2019","52.20","52.19","52.54","51.83","135.74M","-0.42%"
"07/29/2019","52.42","52.12","52.66","52.11","86.69M","0.92%"
"07/26/2019","51.94","51.87","52.43","51.78","70.48M","0.35%"
"07/25/2019","51.76","52.22","52.31","51.68","55.64M","-0.79%"
"07/24/2019","52.17","51.92","52.29","51.79","59.97M","-0.08%"
"07/23/2019","52.21","52.12","52.23","51.82","73.42M","0.79%"
"07/22/2019","51.80","50.91","51.81","50.90","89.11M","2.27%"
"07/19/2019","50.65","51.45","51.62","50.59","83.72M","-1.48%"
"07/18/2019","51.41","51.00","51.47","50.92","74.33M","1.12%"
"07/17/2019","50.84","51.01","51.27","50.82","56.43M","-0.55%"
"07/16/2019","51.12","51.15","51.53","50.88","67.47M","-0.35%"
"07/15/2019","51.30","51.02","51.47","51.00","67.79M","0.92%"
"07/12/2019","50.83","50.61","51.00","50.55","70.38M","0.77%"
"07/11/2019","50.44","50.83","51.10","50.43","80.77M","-0.73%"
"07/10/2019","50.81","50.46","50.93","50.39","71.59M","0.99%"
"07/09/2019","50.31","49.80","50.38","49.70","82.31M","0.60%"
"07/08/2019","50.01","50.20","50.35","49.60","101.35M","-2.06%"
"07/05/2019","51.06","50.84","51.27","50.73","69.06M","-0.08%"
"07/03/2019","51.10","50.82","51.11","50.67","45.45M","0.83%"
"07/02/2019","50.68","50.35","50.78","50.34","67.74M","0.58%"
"07/01/2019","50.39","50.79","51.12","50.16","109.27M","1.84%"
"06/28/2019","49.48","49.67","49.87","49.26","124.44M","-0.92%"
"06/27/2019","49.94","50.07","50.39","49.89","83.60M","-0.02%"
"06/26/2019","49.95","49.44","50.25","49.34","104.27M","2.17%"
"06/25/2019","48.89","49.61","49.81","48.82","84.28M","-1.53%"
"06/24/2019","49.65","49.63","50.04","49.54","72.88M","-0.10%"
"06/21/2019","49.70","49.70","50.21","49.54","191.20M","-0.34%"
"06/20/2019","49.87","50.09","50.15","49.51","86.06M","0.81%"
"06/19/2019","49.47","49.92","49.97","49.33","84.50M","-0.28%"
"06/18/2019","49.61","49.01","50.07","48.80","106.20M","2.35%"
"06/17/2019","48.47","48.23","48.74","48.04","58.68M","0.58%"
"06/14/2019","48.19","47.89","48.40","47.58","75.05M","-0.72%"
"06/13/2019","48.54","48.67","49.20","48.40","86.70M","-0.02%"
"06/12/2019","48.55","48.49","48.99","48.35","73.01M","-0.31%"
"06/11/2019","48.70","48.72","49.00","48.40","107.73M","1.14%"
"06/10/2019","48.15","47.95","48.84","47.91","104.88M","1.28%"
"06/07/2019","47.54","46.63","47.98","46.44","122.74M","2.68%"
"06/06/2019","46.30","45.77","46.37","45.54","90.11M","1.47%"
"06/05/2019","45.63","46.07","46.25","45.28","119.09M","1.60%"
"06/04/2019","44.91","43.86","44.96","43.63","123.87M","3.65%"
"06/03/2019","43.33","43.90","44.48","42.57","161.58M","-1.01%"
"05/31/2019","43.77","44.06","44.50","43.75","108.17M","-1.82%"
"05/30/2019","44.58","44.49","44.81","44.17","84.87M","0.54%"
"05/29/2019","44.34","44.10","44.84","44.00","113.92M","-0.49%"
"05/28/2019","44.56","44.73","45.15","44.48","111.79M","-0.40%"
"05/24/2019","44.74","45.05","45.53","44.66","94.86M","-0.38%"
"05/23/2019","44.91","44.95","45.13","44.45","146.12M","-1.73%"
"05/22/2019","45.70","46.16","46.43","45.64","118.99M","-2.04%"
"05/21/2019","46.65","46.30","47.00","46.17","113.46M","1.92%"
"05/20/2019","45.77","45.88","46.09","45.07","154.45M","-3.13%"
"05/17/2019","47.25","46.73","47.73","46.69","131.52M","-0.57%"
"05/16/2019","47.52","47.48","48.12","47.21","132.13M","-0.44%"
"05/15/2019","47.73","46.57","47.94","46.51","106.18M","1.21%"
"05/14/2019","47.16","46.60","47.42","46.35","146.12M","1.57%"
"05/13/2019","46.43","46.93","47.37","45.71","229.72M","-5.82%"
"05/10/2019","49.30","49.35","49.71","48.19","164.83M","-1.75%"
"05/09/2019","50.18","50.10","50.42","49.16","139.63M","-1.08%"
"05/08/2019","50.73","50.48","51.34","50.44","105.36M","0.02%"
"05/07/2019","50.72","51.47","51.85","50.21","155.05M","-2.69%"
"05/06/2019","52.12","51.07","52.21","50.88","129.77M","-1.55%"
"05/03/2019","52.94","52.72","52.96","52.56","83.57M","1.24%"
"05/02/2019","52.29","52.46","53.16","52.03","127.99M","-0.65%"
"05/01/2019","52.63","52.47","53.83","52.31","259.31M","4.90%"
"04/30/2019","50.17","50.77","50.85","49.78","186.14M","-1.92%"
"04/29/2019","51.15","51.10","51.49","50.97","88.82M","0.14%"
"04/26/2019","51.08","51.23","51.25","50.53","74.60M","-0.47%"
"04/25/2019","51.32","51.71","51.94","51.28","74.17M","-0.91%"
"04/24/2019","51.79","51.84","52.12","51.76","70.16M","-0.15%"
"04/23/2019","51.87","51.11","51.94","50.98","93.29M","1.45%"
"04/22/2019","51.13","50.71","51.23","50.59","77.76M","0.31%"
"04/18/2019","50.97","50.78","51.04","50.63","96.78M","0.37%"
"04/17/2019","50.78","49.88","50.84","49.65","115.63M","1.95%"
"04/16/2019","49.81","49.87","50.34","49.64","102.79M","0.00%"
"04/15/2019","49.81","49.65","49.96","49.50","70.15M","0.18%"
"04/12/2019","49.72","49.80","50.03","49.05","111.04M","-0.04%"
"04/11/2019","49.74","50.21","50.25","49.61","83.60M","-0.84%"
"04/10/2019","50.16","49.67","50.19","49.55","86.78M","0.56%"
"04/09/2019","49.88","50.08","50.71","49.81","143.07M","-0.28%"
"04/08/2019","50.02","49.10","50.06","49.09","103.53M","1.56%"
"04/05/2019","49.25","49.11","49.27","48.98","74.11M","0.67%"
"04/04/2019","48.92","48.70","49.09","48.28","76.46M","0.16%"
"04/03/2019","48.84","48.31","49.12","48.29","93.09M","0.68%"
"04/02/2019","48.51","47.77","48.62","47.76","91.06M","1.46%"
"04/01/2019","47.81","47.91","47.92","47.09","111.45M","0.67%"
"03/29/2019","47.49","47.46","47.52","47.13","94.26M","0.66%"
"03/28/2019","47.18","47.24","47.39","46.88","83.12M","0.13%"
"03/27/2019","47.12","47.19","47.44","46.64","119.39M","0.90%"
"03/26/2019","46.70","47.92","48.22","46.15","199.20M","-1.04%"
"03/25/2019","47.19","47.88","47.99","46.65","175.38M","-1.19%"
"03/22/2019","47.76","48.84","49.42","47.70","169.63M","-2.07%"
"03/21/2019","48.77","47.51","49.08","47.45","204.14M","3.68%"
"03/20/2019","47.04","46.56","47.37","46.18","124.14M","0.88%"
"03/19/2019","46.63","47.09","47.25","46.48","126.59M","-0.81%"
"03/18/2019","47.01","46.45","47.10","46.45","104.88M","1.03%"
"03/15/2019","46.53","46.21","46.83","45.94","156.17M","1.31%"
"03/14/2019","45.93","45.98","46.02","45.64","94.32M","1.10%"
"03/13/2019","45.43","45.56","45.83","45.23","124.13M","0.44%"
"03/12/2019","45.23","45.00","45.67","44.84","129.87M","1.12%"
"03/11/2019","44.73","43.87","44.78","43.84","128.04M","3.47%"
"03/08/2019","43.23","42.58","43.27","42.38","96.00M","0.26%"
"03/07/2019","43.12","43.47","43.61","43.01","99.19M","-1.17%"
"03/06/2019","43.63","43.67","43.87","43.48","83.24M","-0.57%"
"03/05/2019","43.88","43.98","44.00","43.63","78.95M","-0.18%"
"03/04/2019","43.96","43.92","44.44","43.49","109.74M","0.50%"
"03/01/2019","43.74","43.57","43.79","43.22","103.54M","1.04%"
"02/28/2019","43.29","43.58","43.73","43.23","112.86M","-0.98%"
"02/27/2019","43.72","43.30","43.75","43.18","111.34M","0.32%"
"02/26/2019","43.58","43.43","43.83","43.29","68.28M","0.05%"
"02/25/2019","43.56","43.54","43.97","43.49","87.49M","0.74%"
"02/22/2019","43.24","42.90","43.25","42.84","75.65M","1.10%"
"02/21/2019","42.77","42.95","43.09","42.58","69.00M","-0.56%"
"02/20/2019","43.01","42.80","43.33","42.75","104.46M","0.66%"
"02/19/2019","42.73","42.43","42.86","42.37","75.89M","0.31%"
"02/15/2019","42.60","42.81","42.92","42.44","98.51M","-0.23%"
"02/14/2019","42.70","42.43","42.82","42.34","87.34M","0.35%"
"02/13/2019","42.55","42.85","43.12","42.48","89.96M","-0.40%"
"02/12/2019","42.72","42.52","42.75","42.42","89.13M","0.85%"
"02/11/2019","42.36","42.76","42.80","42.31","83.97M","-0.56%"
"02/08/2019","42.60","42.25","42.66","42.10","95.28M","-0.30%"
"02/07/2019","42.73","43.10","43.48","42.59","126.97M","-1.91%"
"02/06/2019","43.56","43.66","43.89","43.21","112.96M","0.02%"
"02/05/2019","43.55","43.22","43.77","43.09","144.41M","1.73%"
"02/04/2019","42.81","41.85","42.91","41.82","125.98M","2.83%"
"02/01/2019","41.63","41.74","42.24","41.48","130.67M","0.05%"
"01/31/2019","41.61","41.53","42.25","41.14","162.96M","0.73%"
"01/30/2019","41.31","40.81","41.54","40.06","244.44M","6.83%"
"01/29/2019","38.67","39.06","39.53","38.53","166.35M","-1.05%"
"01/28/2019","39.08","38.95","39.08","38.41","104.77M","-0.91%"
"01/25/2019","39.44","38.87","39.53","38.58","134.19M","3.33%"
"01/24/2019","38.17","38.53","38.62","37.94","101.77M","-0.81%"
"01/23/2019","38.48","38.54","38.78","37.92","92.52M","0.39%"
"01/22/2019","38.33","39.10","39.18","38.16","121.58M","-2.22%"
"01/18/2019","39.20","39.38","39.47","39.00","135.00M","0.59%"
"01/17/2019","38.97","38.55","39.41","38.31","119.28M","0.62%"
"01/16/2019","38.73","38.27","38.97","38.25","122.28M","1.20%"
"01/15/2019","38.27","37.57","38.35","37.51","114.84M","2.05%"
"01/14/2019","37.50","37.71","37.82","37.30","129.76M","-1.50%"
"01/11/2019","38.07","38.22","38.42","37.88","108.09M","-0.99%"
"01/10/2019","38.45","38.12","38.49","37.72","143.12M","0.31%"
"01/09/2019","38.33","37.82","38.63","37.41","180.40M","1.70%"
"01/08/2019","37.69","37.39","37.95","37.13","164.10M","1.92%"
"01/07/2019","36.98","37.17","37.21","36.48","219.11M","-0.22%"
"01/04/2019","37.06","36.13","37.14","35.95","234.43M","4.25%"
"01/03/2019","35.55","35.99","36.43","35.50","365.25M","-9.95%"
"01/02/2019","39.48","38.72","39.71","38.56","148.16M","0.10%"
"12/31/2018","39.44","39.63","39.84","39.12","140.01M","0.97%"
"12/28/2018","39.06","39.38","39.63","38.64","169.17M","0.05%"
"12/27/2018","39.04","38.96","39.19","37.52","212.47M","-0.64%"
"12/26/2018","39.29","37.08","39.31","36.68","234.33M","7.03%"
"12/24/2018","36.71","37.04","37.89","36.65","148.68M","-2.57%"
"12/21/2018","37.68","39.22","39.54","37.41","382.98M","-3.90%"
"12/20/2018","39.21","40.10","40.53","38.83","259.09M","-2.51%"
"12/19/2018","40.22","41.50","41.86","39.77","196.19M","-3.13%"
"12/18/2018","41.52","41.34","41.88","41.10","135.37M","1.32%"
"12/17/2018","40.98","41.36","42.09","40.68","177.15M","-0.94%"
"12/14/2018","41.37","42.25","42.27","41.32","162.81M","-3.21%"
"12/13/2018","42.74","42.62","43.14","42.39","127.59M","1.11%"
"12/12/2018","42.27","42.60","42.98","42.26","142.51M","0.26%"
"12/11/2018","42.16","42.91","42.95","41.75","189.13M","-0.57%"
"12/10/2018","42.40","41.25","42.52","40.83","248.10M","0.66%"
"12/07/2018","42.12","43.37","43.62","42.08","169.13M","-3.57%"
"12/06/2018","43.68","42.94","43.70","42.60","172.39M","-1.11%"
"12/04/2018","44.17","45.24","45.60","44.07","165.38M","-4.39%"
"12/03/2018","46.20","46.12","46.23","45.30","163.19M","3.47%"
"11/30/2018","44.65","45.07","45.08","44.26","158.13M","-0.53%"
"11/29/2018","44.89","45.66","45.70","44.42","167.08M","-0.75%"
"11/28/2018","45.23","44.18","45.32","43.73","184.25M","3.83%"
"11/27/2018","43.56","42.88","43.69","42.72","165.55M","-0.23%"
"11/26/2018","43.66","43.56","43.74","42.56","179.99M","1.37%"
"11/23/2018","43.07","43.73","44.15","43.02","94.50M","-2.56%"
"11/21/2018","44.20","44.93","45.07","44.14","124.50M","-0.09%"
"11/20/2018","44.24","44.59","45.37","43.88","271.30M","-4.80%"
"11/19/2018","46.47","47.50","47.67","46.25","167.68M","-3.95%"
"11/16/2018","48.38","47.62","48.74","47.37","147.71M","1.11%"
"11/15/2018","47.85","47.10","47.99","46.73","185.92M","2.46%"
"11/14/2018","46.70","48.48","48.62","46.48","243.20M","-2.83%"
"11/13/2018","48.06","47.91","49.30","47.86","187.53M","-0.99%"
"11/12/2018","48.54","49.75","49.96","48.45","204.54M","-5.05%"
"11/09/2018","51.12","51.39","51.50","50.56","137.46M","-1.92%"
"11/08/2018","52.12","52.49","52.53","51.69","101.45M","-0.70%"
"11/07/2018","52.49","51.49","52.52","51.03","133.70M","3.04%"
"11/06/2018","50.94","50.48","51.18","50.42","127.53M","1.07%"
"11/05/2018","50.40","51.08","51.10","49.54","264.65M","-2.83%"
"11/02/2018","51.87","52.39","53.41","51.36","365.31M","-6.62%"
"11/01/2018","55.55","54.76","55.59","54.20","233.29M","1.52%"
"10/31/2018","54.72","54.22","55.11","54.16","153.44M","2.61%"
"10/30/2018","53.33","52.79","53.80","52.32","146.64M","0.51%"
"10/29/2018","53.06","54.80","54.92","51.52","183.74M","-1.89%"
"10/26/2018","54.08","53.98","55.05","53.17","189.03M","-1.58%"
"10/25/2018","54.95","54.43","55.34","54.19","119.42M","2.19%"
"10/24/2018","53.77","55.65","56.06","53.63","163.70M","-3.43%"
"10/23/2018","55.68","53.96","55.81","53.67","155.07M","0.94%"
"10/22/2018","55.16","54.95","55.84","54.73","115.17M","0.60%"
"10/19/2018","54.83","54.52","55.31","54.36","132.31M","1.52%"
"10/18/2018","54.01","54.47","54.94","53.25","130.33M","-2.33%"
"10/17/2018","55.30","55.58","55.66","54.84","91.54M","-0.43%"
"10/16/2018","55.54","54.73","55.75","54.19","116.74M","2.21%"
"10/15/2018","54.34","55.29","55.46","54.32","123.16M","-2.14%"
"10/12/2018","55.53","55.10","55.72","54.21","161.35M","3.58%"
"10/11/2018","53.61","53.63","54.88","53.08","212.50M","-0.89%"
"10/10/2018","54.09","56.37","56.59","54.01","167.96M","-4.64%"
"10/09/2018","56.72","55.91","56.82","55.56","107.56M","1.39%"
"10/08/2018","55.94","55.55","56.20","55.05","118.66M","-0.23%"
"10/05/2018","56.07","56.99","57.10","55.15","134.32M","-1.63%"
"10/04/2018","57.00","57.70","58.09","56.68","128.17M","-1.76%"
"10/03/2018","58.02","57.51","58.37","57.45","114.62M","1.22%"
"10/02/2018","57.32","56.81","57.50","56.66","99.15M","0.90%"
"10/01/2018","56.81","56.99","57.35","56.59","94.40M","0.66%"
"09/28/2018","56.44","56.20","56.46","56.01","91.72M","0.36%"
"09/27/2018","56.24","55.95","56.61","55.88","120.72M","2.07%"
"09/26/2018","55.10","55.25","55.94","54.94","95.94M","-0.81%"
"09/25/2018","55.55","54.94","55.70","54.92","98.22M","0.63%"
"09/24/2018","55.20","54.20","55.31","54.16","110.77M","1.45%"
"09/21/2018","54.41","55.20","55.34","54.32","384.99M","-1.09%"
"09/20/2018","55.01","55.06","55.57","54.79","106.44M","0.77%"
"09/19/2018","54.59","54.62","54.91","53.83","108.50M","0.05%"
"09/18/2018","54.56","54.45","55.46","54.28","126.29M","0.17%"
"09/17/2018","54.47","55.54","55.74","54.32","148.78M","-2.66%"
"09/14/2018","55.96","56.44","56.71","55.63","128.00M","-1.13%"
"09/13/2018","56.60","55.88","57.09","55.64","166.83M","2.41%"
"09/12/2018","55.27","56.23","56.25","54.96","197.11M","-1.23%"
"09/11/2018","55.96","54.50","56.07","54.14","143.00M","2.53%"
"09/10/2018","54.58","55.24","55.46","54.12","158.07M","-1.36%"
"09/07/2018","55.33","55.46","56.34","55.18","150.48M","-0.79%"
"09/06/2018","55.77","56.56","56.84","55.33","137.16M","-1.67%"
"09/05/2018","56.72","57.25","57.42","56.27","133.33M","-0.65%"
"09/04/2018","57.09","57.10","57.30","56.66","109.56M","0.32%"
"08/31/2018","56.91","56.63","57.22","56.50","173.36M","1.16%"
"08/30/2018","56.26","55.81","57.06","55.60","195.18M","0.93%"
"08/29/2018","55.74","55.04","55.87","54.85","109.02M","1.49%"
"08/28/2018","54.92","54.75","55.13","54.73","91.11M","0.81%"
"08/27/2018","54.48","54.29","54.69","54.08","82.10M","0.81%"
"08/24/2018","54.04","54.15","54.23","53.78","73.91M","0.32%"
"08/23/2018","53.87","53.66","54.26","53.65","75.53M","0.20%"
"08/22/2018","53.76","53.52","54.09","53.46","76.07M","0.00%"
"08/21/2018","53.76","54.20","54.30","53.51","104.64M","-0.20%"
"08/20/2018","53.87","54.52","54.80","53.78","121.15M","-0.97%"
"08/17/2018","54.40","53.36","54.49","53.29","141.71M","2.01%"
"08/16/2018","53.33","52.94","53.45","52.87","114.00M","1.46%"
"08/15/2018","52.56","52.30","52.69","52.08","115.23M","0.23%"
"08/14/2018","52.44","52.54","52.64","52.06","82.99M","0.42%"
"08/13/2018","52.22","51.92","52.74","51.92","103.56M","0.66%"
"08/10/2018","51.88","51.84","52.27","51.67","98.44M","-0.65%"
"08/09/2018","52.22","51.82","52.45","51.80","93.97M","0.79%"
"08/08/2018","51.81","51.51","51.95","51.13","90.10M","0.06%"
"08/07/2018","51.78","52.33","52.38","51.69","102.35M","-0.94%"
"08/06/2018","52.27","52.00","52.31","51.77","101.70M","0.52%"
"08/03/2018","52.00","51.76","52.19","51.37","133.79M","0.29%"
"08/02/2018","51.85","50.15","52.09","50.09","249.62M","2.92%"
"08/01/2018","50.38","49.78","50.44","49.33","271.74M","5.91%"
"07/31/2018","47.57","47.58","48.03","47.34","157.49M","0.19%"
"07/30/2018","47.48","47.98","48.05","47.27","84.12M","-0.54%"
"07/27/2018","47.74","48.75","48.80","47.52","96.10M","-1.67%"
"07/26/2018","48.55","48.65","48.99","48.40","76.30M","-0.31%"
"07/25/2018","48.70","48.27","48.71","48.11","67.31M","0.93%"
"07/24/2018","48.25","48.11","48.42","48.01","74.79M","0.73%"
"07/23/2018","47.90","47.67","47.99","47.39","63.96M","0.08%"
"07/20/2018","47.86","47.95","48.11","47.54","82.82M","-0.23%"
"07/19/2018","47.97","47.42","48.14","47.42","81.15M","0.78%"
"07/18/2018","47.60","47.95","47.95","47.48","65.57M","-0.54%"
"07/17/2018","47.86","47.44","47.97","47.30","62.14M","0.27%"
"07/16/2018","47.73","47.88","48.16","47.60","60.17M","-0.21%"
"07/13/2018","47.83","47.77","47.96","47.73","50.08M","0.15%"
"07/12/2018","47.76","47.38","47.85","47.33","72.16M","1.68%"
"07/11/2018","46.97","47.12","47.44","46.90","75.33M","-1.30%"
"07/10/2018","47.59","47.68","47.82","47.55","63.76M","-0.13%"
"07/09/2018","47.65","47.38","47.67","47.33","79.03M","1.40%"
"07/06/2018","46.99","46.35","47.11","46.30","69.94M","1.38%"
"07/05/2018","46.35","46.31","46.60","46.07","66.42M","0.80%"
"07/03/2018","45.98","46.95","46.99","45.88","55.82M","-1.75%"
"07/02/2018","46.80","45.95","46.83","45.85","70.93M","1.12%"
"06/29/2018","46.28","46.57","46.80","45.73","90.95M","-0.22%"
"06/28/2018","46.38","46.02","46.55","45.95","69.46M","0.74%"
"06/27/2018","46.04","46.31","46.82","46.01","101.14M","-0.15%"
"06/26/2018","46.11","45.75","46.63","45.63","98.28M","1.25%"
"06/25/2018","45.54","45.85","46.23","45.18","126.65M","-1.49%"
"06/22/2018","46.23","46.53","46.54","46.17","108.80M","-0.30%"
"06/21/2018","46.37","46.81","47.09","46.23","102.85M","-0.54%"
"06/20/2018","46.62","46.59","46.80","46.43","82.51M","0.43%"
"06/19/2018","46.42","46.28","46.58","45.86","134.31M","-1.63%"
"06/18/2018","47.19","46.97","47.30","46.80","73.94M","-0.04%"
"06/15/2018","47.21","47.51","47.54","47.06","246.88M","-1.03%"
"06/14/2018","47.70","47.89","47.89","47.55","86.44M","0.06%"
"06/13/2018","47.67","48.10","48.22","47.61","86.55M","-0.83%"
"06/12/2018","48.07","47.85","48.15","47.79","67.64M","0.54%"
"06/11/2018","47.81","47.84","47.99","47.55","73.23M","-0.23%"
"06/08/2018","47.92","47.79","48.00","47.44","106.63M","-0.93%"
"06/07/2018","48.37","48.53","48.55","48.08","85.39M","-0.25%"
"06/06/2018","48.49","48.41","48.52","47.98","83.73M","0.33%"
"06/05/2018","48.33","48.27","48.48","48.09","86.26M","0.77%"
"06/04/2018","47.96","47.91","48.35","47.84","105.06M","0.84%"
"06/01/2018","47.56","47.00","47.56","46.94","93.77M","1.80%"
"05/31/2018","46.72","46.80","47.06","46.53","109.93M","-0.34%"
"05/30/2018","46.88","46.93","47.00","46.70","74.76M","-0.21%"
"05/29/2018","46.98","46.90","47.19","46.72","90.06M","-0.36%"
"05/25/2018","47.15","47.06","47.41","46.91","69.84M","0.23%"
"05/24/2018","47.04","47.19","47.21","46.55","92.94M","-0.11%"
"05/23/2018","47.09","46.59","47.12","46.44","80.23M","0.64%"
"05/22/2018","46.79","47.09","47.22","46.70","60.96M","-0.26%"
"05/21/2018","46.91","47.00","47.32","46.73","73.60M","0.71%"
"05/18/2018","46.58","46.80","46.95","46.53","73.19M","-0.36%"
"05/17/2018","46.75","47.00","47.23","46.59","69.18M","-0.64%"
"05/16/2018","47.05","46.52","47.12","46.50","76.73M","0.94%"
"05/15/2018","46.61","46.70","46.77","46.27","94.78M","-0.91%"
"05/14/2018","47.04","47.25","47.38","46.97","83.12M","-0.23%"
"05/11/2018","47.15","47.37","47.52","46.86","104.85M","-0.76%"
"05/10/2018","47.51","46.94","47.59","46.91","111.96M","1.43%"
"05/09/2018","46.84","46.64","46.85","46.30","92.84M","0.71%"
"05/08/2018","46.51","46.25","46.55","45.92","113.61M","0.48%"
"05/07/2018","46.29","46.30","46.92","46.19","169.81M","0.72%"
"05/04/2018","45.96","44.56","46.06","44.54","224.81M","3.93%"
"05/03/2018","44.22","43.97","44.38","43.61","136.27M","0.18%"
"05/02/2018","44.14","43.81","44.44","43.45","266.16M","4.42%"
"05/01/2018","42.27","41.60","42.30","41.32","214.28M","2.32%"
"04/30/2018","41.31","40.53","41.81","40.46","169.71M","1.80%"
"04/27/2018","40.58","41.00","41.08","40.16","142.62M","-1.14%"
"04/26/2018","41.05","41.03","41.43","40.84","111.85M","0.34%"
"04/25/2018","40.91","40.66","41.35","40.60","113.53M","0.44%"
"04/24/2018","40.73","41.42","41.58","40.31","134.77M","-1.40%"
"04/23/2018","41.31","41.71","41.73","41.02","146.06M","-0.29%"
"04/20/2018","41.43","42.65","42.80","41.36","261.96M","-4.10%"
"04/19/2018","43.20","43.74","43.85","43.16","139.24M","-2.83%"
"04/18/2018","44.46","44.45","44.70","44.22","83.02M","-0.22%"
"04/17/2018","44.56","44.12","44.73","44.10","106.42M","1.39%"
"04/16/2018","43.95","43.76","44.05","43.71","86.31M","0.62%"
"04/13/2018","43.68","43.70","43.96","43.46","100.50M","0.34%"
"04/12/2018","43.53","43.35","43.75","43.26","91.56M","0.97%"
"04/11/2018","43.11","43.06","43.48","42.92","89.73M","-0.46%"
"04/10/2018","43.31","43.25","43.50","42.88","114.46M","1.88%"
"04/09/2018","42.51","42.47","43.27","42.46","116.07M","1.00%"
"04/06/2018","42.09","42.74","43.12","42.05","140.02M","-2.57%"
"04/05/2018","43.20","43.15","43.56","43.02","107.73M","0.70%"
"04/04/2018","42.90","41.22","43.00","41.19","138.42M","1.90%"
"04/03/2018","42.10","41.91","42.19","41.22","121.11M","1.03%"
"04/02/2018","41.67","41.97","42.23","41.12","150.35M","-0.67%"
"03/29/2018","41.95","41.95","42.94","41.73","153.59M","0.79%"
"03/28/2018","41.62","41.81","42.51","41.30","166.67M","-1.12%"
"03/27/2018","42.09","43.42","43.79","41.73","163.69M","-2.55%"
"03/26/2018","43.19","42.02","43.27","41.61","150.16M","4.75%"
"03/23/2018","41.23","42.10","42.48","41.23","164.12M","-2.32%"
"03/22/2018","42.21","42.50","43.17","42.15","165.96M","-1.42%"
"03/21/2018","42.82","43.76","43.77","42.81","148.22M","-2.26%"
"03/20/2018","43.81","43.81","44.20","43.73","78.60M","-0.05%"
"03/19/2018","43.83","44.33","44.37","43.41","133.79M","-1.53%"
"03/16/2018","44.51","44.66","44.78","44.41","157.62M","-0.34%"
"03/15/2018","44.66","44.62","45.06","44.52","90.98M","0.11%"
"03/14/2018","44.61","45.08","45.13","44.45","117.47M","-0.84%"
"03/13/2018","44.99","45.65","45.88","44.81","126.77M","-0.97%"
"03/12/2018","45.43","45.07","45.60","45.05","128.83M","0.98%"
"03/09/2018","44.99","44.49","45.00","44.35","128.74M","1.72%"
"03/08/2018","44.23","43.87","44.28","43.77","95.10M","1.07%"
"03/07/2018","43.76","43.73","43.96","43.57","126.81M","-0.93%"
"03/06/2018","44.17","44.48","44.56","44.03","95.15M","-0.07%"
"03/05/2018","44.20","43.80","44.44","43.63","113.61M","0.34%"
"03/02/2018","44.05","43.20","44.08","43.11","153.82M","0.69%"
"03/01/2018","43.75","44.63","44.94","43.16","195.21M","-1.75%"
"02/28/2018","44.53","44.81","45.15","44.51","151.13M","-0.16%"
"02/27/2018","44.60","44.77","45.12","44.54","155.71M","-0.31%"
"02/26/2018","44.74","44.09","44.85","44.05","152.65M","1.96%"
"02/23/2018","43.88","43.42","43.91","43.38","135.25M","1.76%"
"02/22/2018","43.12","42.95","43.49","42.93","123.97M","0.82%"
"02/21/2018","42.77","43.21","43.53","42.75","149.89M","-0.44%"
"02/20/2018","42.96","43.01","43.56","42.85","135.72M","-0.35%"
"02/16/2018","43.11","43.09","43.70","42.94","160.70M","-0.32%"
"02/15/2018","43.25","42.45","43.27","42.25","204.59M","3.37%"
"02/14/2018","41.84","40.76","41.88","40.72","162.58M","1.83%"
"02/13/2018","41.09","40.49","41.19","40.41","130.20M","1.01%"
"02/12/2018","40.68","39.62","40.97","39.38","243.28M","4.04%"
"02/09/2018","39.10","39.27","39.47","37.56","282.69M","0.80%"
"02/08/2018","38.79","40.07","40.25","38.76","217.56M","-2.73%"
"02/07/2018","39.88","40.77","40.85","39.77","206.43M","-2.16%"
"02/06/2018","40.76","38.71","40.93","38.50","272.98M","4.19%"
"02/05/2018","39.12","39.77","40.97","39.00","290.95M","-2.49%"
"02/02/2018","40.12","41.50","41.70","40.02","346.38M","-4.36%"
"02/01/2018","41.95","41.79","42.16","41.69","188.92M","0.22%"
"01/31/2018","41.86","41.72","42.11","41.62","129.92M","0.29%"
"01/30/2018","41.74","41.38","41.84","41.17","184.19M","-0.60%"
"01/29/2018","41.99","42.54","42.54","41.77","202.56M","-2.08%"
"01/26/2018","42.88","43.00","43.00","42.52","156.57M","0.23%"
"01/25/2018","42.78","43.63","43.74","42.63","166.12M","-1.77%"
"01/24/2018","43.55","44.31","44.33","43.30","204.42M","-1.60%"
"01/23/2018","44.26","44.33","44.86","44.20","130.76M","0.02%"
"01/22/2018","44.25","44.33","44.45","44.15","108.43M","-0.83%"
"01/19/2018","44.62","44.65","44.90","44.35","129.70M","-0.42%"
"01/18/2018","44.81","44.84","45.02","44.56","124.77M","0.09%"
"01/17/2018","44.77","44.04","44.81","43.77","137.55M","1.63%"
"01/16/2018","44.05","44.48","44.85","44.03","118.26M","-0.50%"
"01/12/2018","44.27","44.05","44.34","43.91","101.67M","1.03%"
"01/11/2018","43.82","43.65","43.87","43.62","74.67M","0.57%"
"01/10/2018","43.57","43.29","43.58","43.25","95.84M","-0.02%"
"01/09/2018","43.58","43.64","43.77","43.35","86.34M","-0.02%"
"01/08/2018","43.59","43.59","43.90","43.48","82.27M","-0.37%"
"01/05/2018","43.75","43.36","43.84","43.26","94.64M","1.13%"
"01/04/2018","43.26","43.13","43.37","43.02","89.74M","0.46%"
"01/03/2018","43.06","43.13","43.64","42.99","118.07M","0.00%"
"01/02/2018","43.06","42.54","43.08","42.31","102.22M","1.77%"
"12/29/2017","42.31","42.63","42.65","42.30","104.00M","-1.08%"
"12/28/2017","42.77","42.75","42.96","42.62","65.92M","0.28%"
"12/27/2017","42.65","42.52","42.70","42.43","85.99M","0.02%"
"12/26/2017","42.64","42.70","42.87","42.42","132.74M","-2.54%"
"12/22/2017","43.75","43.67","43.86","43.62","65.40M","0.00%"
"12/21/2017","43.75","43.54","44.01","43.52","83.80M","0.37%"
"12/20/2017","43.59","43.72","43.85","43.31","93.90M","-0.09%"
"12/19/2017","43.63","43.76","43.85","43.52","109.75M","-1.07%"
"12/18/2017","44.10","43.72","44.30","43.72","117.68M","1.40%"
"12/15/2017","43.49","43.41","43.54","43.12","160.68M","1.02%"
"12/14/2017","43.05","43.10","43.28","42.91","81.91M","-0.05%"
"12/13/2017","43.07","43.12","43.38","43.00","95.27M","0.35%"
"12/12/2017","42.92","43.04","43.10","42.87","77.64M","-0.58%"
"12/11/2017","43.17","42.30","43.22","42.20","141.10M","1.96%"
"12/08/2017","42.34","42.62","42.75","42.20","93.42M","0.02%"
"12/07/2017","42.33","42.26","42.61","42.23","102.69M","0.19%"
"12/06/2017","42.25","41.88","42.55","41.62","114.24M","-0.38%"
"12/05/2017","42.41","42.27","42.88","42.10","109.40M","-0.09%"
"12/04/2017","42.45","43.12","43.16","42.41","130.17M","-0.72%"
"12/01/2017","42.76","42.49","42.92","42.12","159.04M","-0.47%"
"11/30/2017","42.96","42.61","43.03","42.11","166.11M","1.39%"
"11/29/2017","42.37","43.16","43.23","41.79","166.67M","-2.08%"
"11/28/2017","43.27","43.58","43.72","42.97","105.72M","-0.57%"
"11/27/2017","43.52","43.76","43.77","43.34","82.87M","-0.50%"
"11/24/2017","43.74","43.77","43.88","43.66","56.11M","0.00%"
"11/22/2017","43.74","43.34","43.75","43.26","102.36M","1.06%"
"11/21/2017","43.28","42.70","43.42","42.70","100.53M","1.86%"
"11/20/2017","42.49","42.57","42.64","42.39","65.05M","-0.12%"
"11/17/2017","42.54","42.76","42.85","42.41","87.60M","-0.54%"
"11/16/2017","42.77","42.80","42.97","42.58","94.55M","1.18%"
"11/15/2017","42.27","42.49","42.58","42.09","116.63M","-1.33%"
"11/14/2017","42.84","43.26","43.37","42.80","99.13M","-1.49%"
"11/13/2017","43.49","43.38","43.62","43.35","67.93M","-0.41%"
"11/10/2017","43.67","43.78","43.84","43.57","100.58M","-0.68%"
"11/09/2017","43.97","43.78","44.02","43.28","117.93M","-0.20%"
"11/08/2017","44.06","43.66","44.06","43.58","97.64M","0.82%"
"11/07/2017","43.70","43.48","43.81","43.40","97.45M","0.32%"
"11/06/2017","43.56","43.09","43.75","42.93","140.11M","1.02%"
"11/03/2017","43.12","43.50","43.56","42.78","237.59M","2.59%"
"11/02/2017","42.03","41.91","42.12","41.32","165.57M","0.74%"
"11/01/2017","41.72","42.47","42.48","41.40","134.55M","-1.28%"
"10/31/2017","42.26","41.98","42.41","41.73","144.19M","1.39%"
"10/30/2017","41.68","40.97","42.02","40.93","178.80M","2.26%"
"10/27/2017","40.76","39.82","40.90","39.67","177.82M","3.58%"
"10/26/2017","39.35","39.31","39.46","39.20","68.00M","0.64%"
"10/25/2017","39.10","39.23","39.39","38.82","84.83M","-0.43%"
"10/24/2017","39.27","39.07","39.35","39.05","71.03M","0.59%"
"10/23/2017","39.04","39.22","39.42","38.88","87.94M","-0.05%"
"10/20/2017","39.06","39.15","39.44","38.99","95.90M","0.18%"
"10/19/2017","38.99","39.19","39.27","38.76","170.34M","-2.38%"
"10/18/2017","39.94","40.10","40.18","39.90","65.50M","-0.45%"
"10/17/2017","40.12","39.95","40.22","39.81","75.99M","0.38%"
"10/16/2017","39.97","39.48","40.00","39.41","96.49M","1.83%"
"10/13/2017","39.25","39.18","39.32","39.10","65.58M","0.64%"
"10/12/2017","39.00","39.09","39.34","38.93","64.50M","-0.36%"
"10/11/2017","39.14","38.99","39.24","38.94","67.62M","0.41%"
"10/10/2017","38.98","39.01","39.50","38.77","62.47M","0.05%"
"10/09/2017","38.96","38.95","39.18","38.87","65.05M","0.33%"
"10/06/2017","38.83","38.74","38.87","38.64","69.63M","-0.05%"
"10/05/2017","38.85","38.55","38.86","38.51","85.14M","1.25%"
"10/04/2017","38.37","38.41","38.47","38.12","80.66M","-0.65%"
"10/03/2017","38.62","38.50","38.77","38.48","64.92M","0.44%"
"10/02/2017","38.45","38.56","38.61","38.18","74.80M","-0.21%"
"09/29/2017","38.53","38.30","38.53","38.00","105.20M","0.55%"
"09/28/2017","38.32","38.47","38.57","38.17","88.02M","-0.62%"
"09/27/2017","38.56","38.45","38.68","38.38","102.02M","0.73%"
"09/26/2017","38.28","37.95","38.48","37.92","146.64M","1.70%"
"09/25/2017","37.64","37.50","37.96","37.29","177.55M","-0.87%"
"09/22/2017","37.97","38.01","38.07","37.64","186.58M","-0.99%"
"09/21/2017","38.35","38.95","38.95","38.19","150.05M","-1.72%"
"09/20/2017","39.02","39.48","39.56","38.46","211.81M","-1.66%"
"09/19/2017","39.68","39.88","39.94","39.61","83.24M","0.03%"
"09/18/2017","39.67","40.03","40.12","39.50","113.08M","-0.75%"
"09/15/2017","39.97","39.62","40.24","39.50","196.46M","1.01%"
"09/14/2017","39.57","39.75","39.85","39.52","95.04M","-0.85%"
"09/13/2017","39.91","39.97","39.99","39.48","179.63M","-0.77%"
"09/12/2017","40.22","40.65","40.99","39.69","286.86M","-0.40%"
"09/11/2017","40.38","40.12","40.51","39.97","126.32M","1.82%"
"09/08/2017","39.66","40.22","40.29","39.63","114.45M","-1.61%"
"09/07/2017","40.31","40.52","40.56","40.09","87.71M","-0.42%"
"09/06/2017","40.48","40.68","40.75","40.13","86.61M","-0.10%"
"09/05/2017","40.52","40.94","41.06","40.14","118.15M","-1.19%"
"09/01/2017","41.01","41.20","41.23","40.91","66.36M","0.02%"
"08/31/2017","41.00","40.91","41.13","40.87","107.14M","0.39%"
"08/30/2017","40.84","40.95","40.97","40.65","109.08M","0.27%"
"08/29/2017","40.73","40.02","40.78","40.00","118.07M","0.89%"
"08/28/2017","40.37","40.03","40.50","39.98","103.86M","1.00%"
"08/25/2017","39.97","39.91","40.14","39.82","101.92M","0.38%"
"08/24/2017","39.82","40.11","40.19","39.64","79.28M","-0.43%"
"08/23/2017","39.99","39.77","40.12","39.72","77.60M","0.10%"
"08/22/2017","39.95","39.56","40.00","39.51","86.42M","1.65%"
"08/21/2017","39.30","39.38","39.47","38.78","105.47M","-0.20%"
"08/18/2017","39.38","39.47","39.88","39.18","109.71M","-0.23%"
"08/17/2017","39.47","40.13","40.18","39.46","111.76M","-1.91%"
"08/16/2017","40.24","40.48","40.63","40.04","110.69M","-0.40%"
"08/15/2017","40.40","40.16","40.55","40.03","117.86M","1.10%"
"08/14/2017","39.96","39.83","40.05","39.69","88.49M","1.50%"
"08/11/2017","39.37","39.15","39.64","39.02","105.03M","1.39%"
"08/10/2017","38.83","39.98","40.00","38.66","163.22M","-3.58%"
"08/09/2017","40.27","39.81","40.32","39.78","104.53M","0.62%"
"08/08/2017","40.02","39.65","40.46","39.57","144.82M","0.81%"
"08/07/2017","39.70","39.27","39.73","39.17","87.48M","1.53%"
"08/04/2017","39.10","39.02","39.35","38.92","82.24M","0.54%"
"08/03/2017","38.89","39.26","39.30","38.76","108.39M","-0.99%"
"08/02/2017","39.28","39.82","39.94","39.04","279.75M","4.72%"
"08/01/2017","37.51","37.27","37.55","37.10","141.47M","0.89%"
"07/31/2017","37.18","37.48","37.58","37.03","79.38M","-0.54%"
"07/28/2017","37.38","37.47","37.56","37.30","68.85M","-0.69%"
"07/27/2017","37.64","38.44","38.50","36.83","129.91M","-1.90%"
"07/26/2017","38.37","38.34","38.48","38.27","63.12M","0.47%"
"07/25/2017","38.19","37.95","38.46","37.95","75.42M","0.45%"
"07/24/2017","38.02","37.65","38.11","37.48","85.97M","1.20%"
"07/21/2017","37.57","37.50","37.61","37.22","105.01M","-0.05%"
"07/20/2017","37.59","37.88","37.94","37.55","68.97M","-0.45%"
"07/19/2017","37.76","37.62","37.85","37.49","83.69M","0.64%"
"07/18/2017","37.52","37.30","37.53","37.17","71.48M","0.35%"
"07/17/2017","37.39","37.20","37.73","37.14","95.17M","0.35%"
"07/14/2017","37.26","36.99","37.33","36.83","80.53M","0.87%"
"07/13/2017","36.94","36.38","37.12","36.36","100.80M","1.37%"
"07/12/2017","36.44","36.47","36.55","36.20","99.54M","0.16%"
"07/11/2017","36.38","36.18","36.46","36.09","79.13M","0.30%"
"07/10/2017","36.27","36.03","36.49","35.84","84.36M","0.61%"
"07/07/2017","36.05","35.73","36.19","35.73","76.81M","1.04%"
"07/06/2017","35.68","35.76","35.88","35.60","96.52M","-0.94%"
"07/05/2017","36.02","35.92","36.20","35.68","86.28M","0.39%"
"07/03/2017","35.88","36.22","36.33","35.77","57.11M","-0.36%"
"06/30/2017","36.01","36.11","36.24","35.95","92.10M","0.25%"
"06/29/2017","35.92","36.18","36.28","35.57","126.00M","-1.48%"
"06/28/2017","36.46","36.12","36.53","35.79","88.33M","1.48%"
"06/27/2017","35.93","36.25","36.54","35.91","99.05M","-1.43%"
"06/26/2017","36.45","36.79","37.07","36.34","102.77M","-0.33%"
"06/23/2017","36.57","36.28","36.79","36.28","141.76M","0.44%"
"06/22/2017","36.41","36.44","36.67","36.28","76.43M","-0.16%"
"06/21/2017","36.47","36.38","36.52","36.15","85.06M","0.61%"
"06/20/2017","36.25","36.72","36.72","36.23","99.60M","-0.93%"
"06/19/2017","36.59","35.91","36.69","35.91","130.17M","2.87%"
"06/16/2017","35.57","35.95","36.12","35.55","201.44M","-1.39%"
"06/15/2017","36.07","35.83","36.12","35.55","128.66M","-0.61%"
"06/14/2017","36.29","36.88","36.88","35.96","126.12M","-0.98%"
"06/13/2017","36.65","36.79","36.86","36.29","136.66M","0.83%"
"06/12/2017","36.35","36.44","36.52","35.63","289.23M","-2.39%"
"06/09/2017","37.24","38.80","38.80","36.51","259.53M","-3.90%"
"06/08/2017","38.75","38.81","38.88","38.60","85.00M","-0.23%"
"06/07/2017","38.84","38.76","38.99","38.62","84.28M","0.60%"
"06/06/2017","38.61","38.48","38.95","38.45","106.50M","0.34%"
"06/05/2017","38.48","38.59","38.61","38.37","101.33M","-0.98%"
"06/02/2017","38.86","38.40","38.86","38.22","111.08M","1.46%"
"06/01/2017","38.30","38.29","38.33","38.05","65.62M","0.29%"
"05/31/2017","38.19","38.49","38.54","38.09","97.80M","-0.60%"
"05/30/2017","38.42","38.35","38.61","38.33","80.51M","0.05%"
"05/26/2017","38.40","38.50","38.56","38.33","87.71M","-0.18%"
"05/25/2017","38.47","38.43","38.59","38.26","76.94M","0.34%"
"05/24/2017","38.34","38.46","38.54","38.17","76.88M","-0.29%"
"05/23/2017","38.45","38.73","38.73","38.33","79.68M","-0.13%"
"05/22/2017","38.50","38.50","38.65","38.23","91.87M","0.60%"
"05/19/2017","38.27","38.34","38.49","38.16","107.84M","0.37%"
"05/18/2017","38.13","37.82","38.34","37.78","134.27M","1.52%"
"05/17/2017","37.56","38.40","38.64","37.43","203.07M","-3.37%"
"05/16/2017","38.87","38.98","39.02","38.68","80.19M","-0.13%"
"05/15/2017","38.92","39.00","39.16","38.76","104.04M","-0.26%"
"05/12/2017","39.02","38.67","39.10","38.67","130.11M","1.38%"
"05/11/2017","38.49","38.11","38.52","38.08","109.02M","0.47%"
"05/10/2017","38.31","38.41","38.48","38.03","103.22M","-0.49%"
"05/09/2017","38.50","38.47","38.72","38.36","156.52M","0.65%"
"05/08/2017","38.25","37.26","38.42","37.26","195.01M","2.71%"
"05/05/2017","37.24","36.69","37.24","36.69","109.31M","1.67%"
"05/04/2017","36.63","36.63","36.78","36.45","93.49M","-0.38%"
"05/03/2017","36.77","36.40","36.87","36.07","182.79M","-0.30%"
"05/02/2017","36.88","36.88","37.02","36.71","181.41M","0.63%"
"05/01/2017","36.65","36.27","36.80","36.24","134.41M","2.06%"
"04/28/2017","35.91","36.02","36.08","35.82","83.44M","-0.11%"
"04/27/2017","35.95","35.98","36.04","35.83","56.99M","0.08%"
"04/26/2017","35.92","36.12","36.15","35.84","80.16M","-0.58%"
"04/25/2017","36.13","35.98","36.23","35.97","75.49M","0.61%"
"04/24/2017","35.91","35.88","35.99","35.80","68.54M","0.96%"
"04/21/2017","35.57","35.61","35.67","35.46","69.28M","-0.11%"
"04/20/2017","35.61","35.30","35.73","35.29","93.28M","1.25%"
"04/19/2017","35.17","35.47","35.50","35.11","69.31M","-0.37%"
"04/18/2017","35.30","35.35","35.51","35.28","58.79M","-0.45%"
"04/17/2017","35.46","35.37","35.47","35.22","66.33M","0.57%"
"04/13/2017","35.26","35.48","35.59","35.26","71.29M","-0.54%"
"04/12/2017","35.45","35.40","35.54","35.25","81.40M","0.11%"
"04/11/2017","35.41","35.73","35.84","35.02","121.52M","-1.06%"
"04/10/2017","35.79","35.90","35.97","35.73","75.73M","-0.14%"
"04/07/2017","35.84","35.93","36.05","35.82","66.69M","-0.19%"
"04/06/2017","35.91","36.07","36.13","35.86","84.60M","-0.28%"
"04/05/2017","36.01","36.05","36.37","35.95","110.87M","-0.50%"
"04/04/2017","36.19","35.81","36.22","35.79","79.57M","0.75%"
"04/03/2017","35.92","35.93","36.03","35.76","79.94M","0.03%"
"03/31/2017","35.91","35.93","36.07","35.75","78.65M","-0.19%"
"03/30/2017","35.98","36.05","36.12","35.88","84.83M","-0.14%"
"03/29/2017","36.03","35.92","36.12","35.80","116.76M","0.22%"
"03/28/2017","35.95","35.23","36.01","35.16","133.50M","2.07%"
"03/27/2017","35.22","34.85","35.30","34.66","94.30M","0.17%"
"03/24/2017","35.16","35.38","35.44","35.09","89.58M","-0.20%"
"03/23/2017","35.23","35.31","35.40","35.15","81.39M","-0.34%"
"03/22/2017","35.35","34.96","35.40","34.94","103.44M","1.12%"
"03/21/2017","34.96","35.53","35.70","34.93","158.12M","-1.16%"
"03/20/2017","35.37","35.10","35.38","35.06","86.17M","1.06%"
"03/17/2017","35.00","35.25","35.25","34.97","175.54M","-0.48%"
"03/16/2017","35.17","35.18","35.26","35.06","76.93M","0.14%"
"03/15/2017","35.12","34.85","35.19","34.76","102.77M","1.06%"
"03/14/2017","34.75","34.83","34.91","34.71","61.24M","-0.14%"
"03/13/2017","34.80","34.71","34.86","34.70","69.69M","0.06%"
"03/10/2017","34.78","34.81","34.84","34.66","78.45M","0.32%"
"03/09/2017","34.67","34.69","34.70","34.26","88.62M","-0.23%"
"03/08/2017","34.75","34.74","34.95","34.70","74.83M","-0.37%"
"03/07/2017","34.88","34.77","34.99","34.70","69.79M","0.11%"
"03/06/2017","34.84","34.84","34.94","34.65","87.00M","-0.31%"
"03/03/2017","34.95","34.70","34.96","34.65","86.28M","0.60%"
"03/02/2017","34.74","35.00","35.07","34.69","104.84M","-0.60%"
"03/01/2017","34.95","34.47","35.04","34.40","145.66M","2.04%"
"02/28/2017","34.25","34.27","34.36","34.17","93.93M","0.06%"
"02/27/2017","34.23","34.28","34.36","34.07","81.03M","0.20%"
"02/24/2017","34.16","33.98","34.16","33.82","87.11M","0.09%"
"02/23/2017","34.13","34.34","34.37","34.08","83.15M","-0.44%"
"02/22/2017","34.28","34.11","34.28","34.03","83.35M","0.32%"
"02/21/2017","34.17","34.06","34.19","33.99","98.03M","0.71%"
"02/17/2017","33.93","33.77","33.96","33.77","88.79M","0.27%"
"02/16/2017","33.84","33.92","33.98","33.71","90.34M","-0.12%"
"02/15/2017","33.88","33.88","34.07","33.66","142.49M","0.36%"
"02/14/2017","33.76","33.37","33.77","33.31","132.90M","1.32%"
"02/13/2017","33.32","33.27","33.45","33.19","92.14M","0.88%"
"02/10/2017","33.03","33.12","33.23","33.01","80.26M","-0.21%"
"02/09/2017","33.10","32.91","33.11","32.78","113.40M","0.27%"
"02/08/2017","33.01","32.84","33.05","32.80","92.02M","0.40%"
"02/07/2017","32.88","32.63","33.02","32.61","152.74M","0.95%"
"02/06/2017","32.57","32.28","32.62","32.23","107.38M","0.93%"
"02/03/2017","32.27","32.08","32.30","32.04","98.03M","0.44%"
"02/02/2017","32.13","31.99","32.35","31.95","134.84M","-0.19%"
"02/01/2017","32.19","31.76","32.62","31.75","447.94M","6.10%"
"01/31/2017","30.34","30.29","30.35","30.16","196.80M","-0.23%"
"01/30/2017","30.41","30.23","30.41","30.16","121.51M","-0.26%"
"01/27/2017","30.49","30.54","30.59","30.40","82.25M","0.03%"
"01/26/2017","30.48","30.42","30.61","30.40","105.35M","0.03%"
"01/25/2017","30.47","30.11","30.52","30.07","130.35M","1.60%"
"01/24/2017","29.99","29.89","30.02","29.88","92.84M","-0.10%"
"01/23/2017","30.02","30.00","30.20","29.94","88.20M","0.07%"
"01/20/2017","30.00","30.11","30.11","29.93","130.39M","0.17%"
"01/19/2017","29.95","29.85","30.02","29.84","102.39M","-0.17%"
"01/18/2017","30.00","30.00","30.12","29.93","94.85M","0.00%"
"01/17/2017","30.00","29.59","30.06","29.55","137.76M","0.81%"
"01/13/2017","29.76","29.78","29.91","29.70","104.45M","-0.17%"
"01/12/2017","29.81","29.72","29.82","29.55","108.34M","-0.43%"
"01/11/2017","29.94","29.68","29.98","29.65","110.35M","0.54%"
"01/10/2017","29.78","29.69","29.84","29.57","97.85M","0.10%"
"01/09/2017","29.75","29.49","29.86","29.48","134.25M","0.92%"
"01/06/2017","29.48","29.20","29.54","29.12","127.01M","1.13%"
"01/05/2017","29.15","28.98","29.22","28.95","88.77M","0.52%"
"01/04/2017","29.00","28.96","29.13","28.94","84.47M","-0.14%"
"01/03/2017","29.04","28.95","29.08","28.69","115.13M","0.31%"
"12/30/2016","28.95","29.16","29.30","28.86","122.35M","-0.79%"
"12/29/2016","29.18","29.11","29.28","29.10","60.16M","-0.03%"
"12/28/2016","29.19","29.38","29.50","29.05","83.62M","-0.44%"
"12/27/2016","29.32","29.13","29.45","29.12","73.19M","0.65%"
"12/23/2016","29.13","28.90","29.13","28.90","57.00M","0.21%"
"12/22/2016","29.07","29.09","29.13","28.91","104.34M","-0.68%"
"12/21/2016","29.27","29.20","29.35","29.20","95.13M","0.10%"
"12/20/2016","29.24","29.18","29.38","29.17","85.70M","0.27%"
"12/19/2016","29.16","28.95","29.34","28.94","111.12M","0.59%"
"12/16/2016","28.99","29.12","29.12","28.91","177.40M","0.14%"
"12/15/2016","28.95","28.84","29.18","28.81","186.10M","0.52%"
"12/14/2016","28.80","28.76","29.05","28.75","136.13M","0.00%"
"12/13/2016","28.80","28.46","28.98","28.44","174.94M","1.69%"
"12/12/2016","28.32","28.32","28.75","28.12","105.50M","-0.60%"
"12/09/2016","28.49","28.08","28.68","28.08","137.61M","1.64%"
"12/08/2016","28.03","27.71","28.11","27.65","108.27M","0.97%"
"12/07/2016","27.76","27.32","27.80","27.29","119.99M","0.98%"
"12/06/2016","27.49","27.38","27.59","27.30","104.78M","0.77%"
"12/05/2016","27.28","27.50","27.51","27.06","137.30M","-0.73%"
"12/02/2016","27.48","27.29","27.52","27.21","106.11M","0.40%"
"12/01/2016","27.37","27.59","27.73","27.26","148.35M","-0.94%"
"11/30/2016","27.63","27.90","28.05","27.57","144.65M","-0.83%"
"11/29/2016","27.86","27.70","28.01","27.52","114.12M","-0.11%"
"11/28/2016","27.89","27.86","28.12","27.85","108.78M","-0.21%"
"11/25/2016","27.95","27.78","27.97","27.74","45.90M","0.50%"
"11/23/2016","27.81","27.84","27.88","27.58","109.71M","-0.50%"
"11/22/2016","27.95","27.99","28.11","27.85","103.86M","0.07%"
"11/21/2016","27.93","27.53","28.00","27.50","117.06M","1.49%"
"11/18/2016","27.52","27.43","27.64","27.41","113.72M","0.11%"
"11/17/2016","27.49","27.45","27.59","27.21","110.53M","-0.04%"
"11/16/2016","27.50","26.68","27.56","26.65","235.36M","2.69%"
"11/15/2016","26.78","26.64","26.92","26.54","129.06M","1.32%"
"11/14/2016","26.43","26.93","26.95","26.02","204.70M","-2.51%"
"11/11/2016","27.11","26.78","27.22","26.64","136.58M","0.59%"
"11/10/2016","26.95","27.77","27.77","26.46","228.54M","-2.78%"
"11/09/2016","27.72","27.47","27.83","27.01","236.71M","-0.18%"
"11/08/2016","27.77","27.58","27.93","27.43","97.02M","0.62%"
"11/07/2016","27.60","27.52","27.63","27.36","130.24M","1.43%"
"11/04/2016","27.21","27.13","27.56","27.03","123.35M","-0.91%"
"11/03/2016","27.46","27.75","27.86","27.39","107.73M","-1.58%"
"11/02/2016","27.90","27.85","28.09","27.81","113.33M","0.11%"
"11/01/2016","27.87","28.36","28.44","27.63","175.30M","-1.83%"
"10/31/2016","28.39","28.41","28.56","28.30","105.68M","-0.14%"
"10/28/2016","28.43","28.47","28.80","28.36","151.45M","-0.66%"
"10/27/2016","28.62","28.85","28.96","28.52","138.25M","-0.97%"
"10/26/2016","28.90","28.58","28.93","28.33","264.54M","-2.23%"
"10/25/2016","29.56","29.49","29.59","29.33","192.52M","0.51%"
"10/24/2016","29.41","29.27","29.43","29.25","94.15M","0.89%"
"10/21/2016","29.15","29.20","29.23","29.07","92.77M","-0.41%"
"10/20/2016","29.27","29.21","29.34","29.08","96.50M","-0.03%"
"10/19/2016","29.28","29.31","29.44","28.45","80.14M","-0.31%"
"10/18/2016","29.37","29.55","29.55","29.36","98.21M","-0.07%"
"10/17/2016","29.39","29.33","29.46","29.20","94.50M","-0.07%"
"10/14/2016","29.41","29.47","29.54","29.28","142.61M","0.55%"
"10/13/2016","29.25","29.20","29.36","28.93","140.77M","-0.31%"
"10/12/2016","29.34","29.34","29.50","29.19","150.35M","0.93%"
"10/11/2016","29.07","29.43","29.67","29.05","256.16M","0.21%"
"10/10/2016","29.01","28.75","29.19","28.68","144.94M","1.72%"
"10/07/2016","28.52","28.58","28.64","28.38","97.43M","0.18%"
"10/06/2016","28.47","28.43","28.59","28.28","115.12M","0.74%"
"10/05/2016","28.26","28.35","28.41","28.17","85.81M","0.04%"
"10/04/2016","28.25","28.27","28.58","28.16","118.95M","0.43%"
"10/03/2016","28.13","28.18","28.26","28.07","86.81M","-0.46%"
"09/30/2016","28.26","28.11","28.34","27.95","145.52M","0.75%"
"09/29/2016","28.05","28.29","28.45","27.95","143.55M","-1.54%"
"09/28/2016","28.49","28.42","28.66","28.36","118.56M","0.78%"
"09/27/2016","28.27","28.25","28.30","28.09","98.43M","0.18%"
"09/26/2016","28.22","27.91","28.35","27.89","119.48M","0.14%"
"09/23/2016","28.18","28.61","28.70","27.89","209.92M","-1.67%"
"09/22/2016","28.66","28.59","28.73","28.50","124.30M","0.95%"
"09/21/2016","28.39","28.46","28.50","28.11","144.01M","0.00%"
"09/20/2016","28.39","28.26","28.53","28.13","138.06M","0.00%"
"09/19/2016","28.39","28.80","29.05","28.31","188.09M","-1.18%"
"09/16/2016","28.73","28.78","29.03","28.51","319.55M","-0.55%"
"09/15/2016","28.89","28.46","28.93","28.37","362.45M","3.40%"
"09/14/2016","27.94","27.18","28.26","27.15","449.36M","3.52%"
"09/13/2016","26.99","26.88","27.20","26.81","248.70M","2.39%"
"09/12/2016","26.36","25.66","26.43","25.63","181.17M","2.25%"
"09/09/2016","25.78","26.16","26.43","25.78","186.23M","-2.27%"
"09/08/2016","26.38","26.81","26.82","26.31","212.01M","-2.62%"
"09/07/2016","27.09","26.96","27.19","26.77","169.46M","0.59%"
"09/06/2016","26.93","26.98","27.07","26.88","107.52M","0.00%"
"09/02/2016","26.93","26.93","27.00","26.70","107.21M","0.94%"
"09/01/2016","26.68","26.54","26.70","26.41","106.81M","0.60%"
"08/31/2016","26.52","26.41","26.64","26.41","118.65M","0.08%"
"08/30/2016","26.50","26.45","26.62","26.38","99.46M","-0.75%"
"08/29/2016","26.70","26.66","26.86","26.57","99.88M","-0.11%"
"08/26/2016","26.73","26.85","26.99","26.58","111.07M","-0.60%"
"08/25/2016","26.89","26.85","26.97","26.67","100.34M","-0.44%"
"08/24/2016","27.01","27.14","27.19","26.92","94.70M","-0.74%"
"08/23/2016","27.21","27.15","27.33","27.13","85.03M","0.29%"
"08/22/2016","27.13","27.21","27.27","26.96","103.28M","-0.77%"
"08/19/2016","27.34","27.19","27.42","27.09","101.47M","0.26%"
"08/18/2016","27.27","27.31","27.40","27.25","87.94M","-0.11%"
"08/17/2016","27.30","27.27","27.34","27.09","101.42M","-0.15%"
"08/16/2016","27.34","27.41","27.56","27.30","135.18M","-0.11%"
"08/15/2016","27.37","27.04","27.39","27.02","103.47M","1.18%"
"08/12/2016","27.05","26.95","27.11","26.95","74.64M","0.26%"
"08/11/2016","26.98","27.13","27.23","26.96","109.94M","-0.07%"
"08/10/2016","27.00","27.18","27.23","26.94","96.03M","-0.74%"
"08/09/2016","27.20","27.06","27.23","27.00","105.26M","0.41%"
"08/08/2016","27.09","26.88","27.09","26.79","112.15M","0.82%"
"08/05/2016","26.87","26.57","26.91","26.55","162.21M","1.51%"
"08/04/2016","26.47","26.39","26.50","26.32","109.63M","0.08%"
"08/03/2016","26.45","26.20","26.46","26.19","120.81M","1.26%"
"08/02/2016","26.12","26.51","26.52","26.00","135.27M","-1.47%"
"08/01/2016","26.51","26.10","26.54","26.10","152.67M","1.77%"
"07/29/2016","26.05","26.05","26.14","25.92","110.93M","-0.15%"
"07/28/2016","26.09","25.71","26.11","25.70","159.48M","1.36%"
"07/27/2016","25.74","26.07","26.09","25.69","369.38M","6.50%"
"07/26/2016","24.17","24.20","24.49","24.11","224.96M","-0.70%"
"07/25/2016","24.34","24.56","24.71","24.23","161.53M","-1.30%"
"07/22/2016","24.66","24.82","24.82","24.58","113.25M","-0.80%"
"07/21/2016","24.86","24.96","25.25","24.78","130.81M","-0.52%"
"07/20/2016","24.99","25.00","25.11","24.93","105.10M","0.08%"
"07/19/2016","24.97","24.89","25.00","24.84","95.12M","0.04%"
"07/18/2016","24.96","24.68","25.03","24.65","145.98M","1.05%"
"07/15/2016","24.70","24.73","24.82","24.62","120.55M","0.00%"
"07/14/2016","24.70","24.35","24.75","24.33","155.68M","1.98%"
"07/13/2016","24.22","24.35","24.42","24.21","103.57M","-0.57%"
"07/12/2016","24.36","24.29","24.43","24.28","96.67M","0.45%"
"07/11/2016","24.25","24.19","24.41","24.18","95.18M","0.33%"
"07/08/2016","24.17","24.12","24.22","24.01","115.65M","0.79%"
"07/07/2016","23.98","23.93","24.12","23.91","100.56M","0.42%"
"07/06/2016","23.88","23.65","23.91","23.59","123.80M","0.55%"
"07/05/2016","23.75","23.85","23.85","23.61","110.82M","-0.92%"
"07/01/2016","23.97","23.87","24.12","23.83","104.11M","0.29%"
"06/30/2016","23.90","23.61","23.94","23.57","143.35M","1.27%"
"06/29/2016","23.60","23.49","23.64","23.41","146.12M","0.85%"
"06/28/2016","23.40","23.23","23.41","23.04","161.78M","1.69%"
"06/27/2016","23.01","23.25","23.26","22.88","186.49M","-1.46%"
"06/24/2016","23.35","23.23","23.66","23.16","301.25M","-2.79%"
"06/23/2016","24.02","23.98","24.07","23.81","128.96M","0.54%"
"06/22/2016","23.89","24.06","24.22","23.84","116.88M","-0.38%"
"06/21/2016","23.98","23.73","24.09","23.67","142.19M","0.88%"
"06/20/2016","23.77","24.00","24.14","23.76","137.65M","-0.25%"
"06/17/2016","23.83","24.16","24.16","23.82","244.03M","-2.30%"
"06/16/2016","24.39","24.11","24.44","24.02","125.31M","0.41%"
"06/15/2016","24.29","24.45","24.60","24.26","117.78M","-0.29%"
"06/14/2016","24.36","24.33","24.62","24.19","127.73M","0.08%"
"06/13/2016","24.34","24.67","24.78","24.27","152.08M","-1.50%"
"06/10/2016","24.71","24.63","24.84","24.62","126.85M","-0.80%"
"06/09/2016","24.91","24.62","25.00","24.61","106.41M","0.73%"
"06/08/2016","24.73","24.75","24.89","24.67","83.39M","-0.12%"
"06/07/2016","24.76","24.81","24.97","24.74","89.64M","0.41%"
"06/06/2016","24.66","24.50","25.47","24.39","93.17M","0.74%"
"06/03/2016","24.48","24.45","24.57","24.36","114.02M","0.20%"
"06/02/2016","24.43","24.40","24.46","24.16","160.77M","-0.73%"
"06/01/2016","24.61","24.75","24.89","24.58","116.69M","-1.40%"
"05/31/2016","24.96","24.90","25.10","24.70","169.23M","-0.52%"
"05/27/2016","25.09","24.86","25.12","24.81","145.36M","-0.04%"
"05/26/2016","25.10","24.92","25.18","24.66","225.32M","0.76%"
"05/25/2016","24.91","24.67","24.93","24.53","154.57M","1.76%"
"05/24/2016","24.48","24.30","24.52","24.21","140.56M","1.53%"
"05/23/2016","24.11","23.97","24.30","23.92","152.07M","1.30%"
"05/20/2016","23.80","23.66","23.86","23.63","128.10M","1.06%"
"05/19/2016","23.55","23.66","23.66","23.39","121.77M","-0.38%"
"05/18/2016","23.64","23.54","23.80","23.47","168.25M","1.16%"
"05/17/2016","23.37","23.64","23.68","23.25","187.67M","-0.43%"
"05/16/2016","23.47","23.10","23.60","22.91","245.04M","3.71%"
"05/13/2016","22.63","22.50","22.92","22.50","177.57M","0.18%"
"05/12/2016","22.59","23.18","23.20","22.37","305.26M","-2.33%"
"05/11/2016","23.13","23.37","23.39","23.11","114.88M","-0.98%"
"05/10/2016","23.36","23.33","23.39","23.03","134.75M","0.69%"
"05/09/2016","23.20","23.25","23.44","23.15","131.75M","0.09%"
"05/06/2016","23.18","23.34","23.36","22.96","174.80M","-0.56%"
"05/05/2016","23.31","23.50","23.52","23.17","143.56M","-1.02%"
"05/04/2016","23.55","23.80","23.98","23.45","164.10M","-1.05%"
"05/03/2016","23.80","23.55","23.93","23.42","227.33M","1.67%"
"05/02/2016","23.41","23.49","23.52","23.10","192.64M","-0.09%"
"04/29/2016","23.43","23.50","23.68","23.13","274.13M","-1.18%"
"04/28/2016","23.71","24.40","24.47","23.56","328.97M","-3.03%"
"04/27/2016","24.45","24.00","24.68","23.92","458.41M","-6.29%"
"04/26/2016","26.09","25.98","26.32","25.98","224.06M","-0.69%"
"04/25/2016","26.27","26.25","26.41","26.13","112.13M","-0.57%"
"04/22/2016","26.42","26.25","26.62","26.16","134.73M","-0.26%"
"04/21/2016","26.49","26.73","26.73","26.38","126.21M","-1.08%"
"04/20/2016","26.78","26.66","27.02","26.52","122.44M","0.19%"
"04/19/2016","26.73","26.97","27.00","26.56","129.54M","-0.52%"
"04/18/2016","26.87","27.22","27.24","26.73","243.29M","-2.15%"
"04/15/2016","27.46","28.03","28.07","27.43","187.76M","-2.00%"
"04/14/2016","28.02","27.91","28.10","27.83","101.90M","0.04%"
"04/13/2016","28.01","27.70","28.09","27.70","133.03M","1.45%"
"04/12/2016","27.61","27.34","27.62","27.16","108.93M","1.32%"
"04/11/2016","27.25","27.24","27.65","27.21","117.63M","0.33%"
"04/08/2016","27.16","27.23","27.44","27.04","94.33M","0.07%"
"04/07/2016","27.14","27.49","27.61","27.03","127.21M","-2.16%"
"04/06/2016","27.74","27.56","27.75","27.30","105.62M","1.06%"
"04/05/2016","27.45","27.38","27.68","27.36","106.31M","-1.19%"
"04/04/2016","27.78","27.61","28.05","27.57","149.42M","1.02%"
"04/01/2016","27.50","27.20","27.50","27.05","103.50M","0.92%"
"03/31/2016","27.25","27.43","27.48","27.22","103.55M","-0.51%"
"03/30/2016","27.39","27.16","27.61","27.15","182.40M","1.75%"
"03/29/2016","26.92","26.22","26.95","26.22","124.76M","2.36%"
"03/28/2016","26.30","26.50","26.55","26.27","77.65M","-0.45%"
"03/24/2016","26.42","26.37","26.56","26.22","104.53M","-0.41%"
"03/23/2016","26.53","26.62","26.77","26.48","102.81M","-0.56%"
"03/22/2016","26.68","26.31","26.82","26.30","129.78M","0.76%"
"03/21/2016","26.48","26.48","26.91","26.29","142.01M","0.00%"
"03/18/2016","26.48","26.59","26.62","26.30","176.82M","0.11%"
"03/17/2016","26.45","26.38","26.62","26.24","137.68M","-0.15%"
"03/16/2016","26.49","26.15","26.58","26.15","153.21M","1.34%"
"03/15/2016","26.14","25.99","26.30","25.96","160.27M","1.99%"
"03/14/2016","25.63","25.48","25.73","25.45","100.30M","0.23%"
"03/11/2016","25.57","25.56","25.57","25.38","109.63M","1.11%"
"03/10/2016","25.29","25.35","25.56","25.04","134.05M","0.04%"
"03/09/2016","25.28","25.33","25.39","25.07","108.81M","0.08%"
"03/08/2016","25.26","25.20","25.44","25.10","126.25M","-0.82%"
"03/07/2016","25.47","25.60","25.71","25.24","143.66M","-1.09%"
"03/04/2016","25.75","25.59","25.94","25.34","184.22M","1.46%"
"03/03/2016","25.38","25.14","25.43","25.11","147.82M","0.75%"
"03/02/2016","25.19","25.13","25.22","24.91","132.68M","0.24%"
"03/01/2016","25.13","24.41","25.19","24.36","201.63M","3.97%"
"02/29/2016","24.17","24.21","24.56","24.16","140.87M","-75.07%"
"02/27/2016","96.95","96.95","96.95","96.95","","300.12%"
"02/26/2016","24.23","24.30","24.51","24.14","115.96M","0.17%"
"02/25/2016","24.19","24.01","24.19","23.81","110.33M","0.71%"
"02/24/2016","24.02","23.50","24.09","23.33","145.02M","1.48%"
"02/23/2016","23.67","24.10","24.12","23.64","127.77M","-2.27%"
"02/22/2016","24.22","24.08","24.23","23.98","137.12M","0.87%"
"02/19/2016","24.01","24.00","24.19","23.95","141.50M","-0.25%"
"02/18/2016","24.07","24.71","24.72","24.02","156.08M","-1.88%"
"02/17/2016","24.53","24.17","24.55","24.04","179.45M","1.53%"
"02/16/2016","24.16","23.75","24.21","23.65","196.23M","2.81%"
"02/12/2016","23.50","23.55","23.62","23.25","161.41M","0.30%"
"02/11/2016","23.43","23.45","23.68","23.15","200.30M","-0.59%"
"02/10/2016","23.57","23.98","24.09","23.52","169.37M","-0.76%"
"02/09/2016","23.75","23.57","23.98","23.48","177.32M","0.00%"
"02/08/2016","23.75","23.28","23.93","23.26","216.09M","1.06%"
"02/05/2016","23.50","24.13","24.23","23.42","185.67M","-2.69%"
"02/04/2016","24.15","23.96","24.33","23.80","185.89M","0.25%"
"02/03/2016","24.09","23.75","24.21","23.52","183.86M","1.99%"
"02/02/2016","23.62","23.86","24.01","23.57","149.43M","-2.03%"
"02/01/2016","24.11","24.12","24.18","23.85","163.77M","-0.94%"
"01/29/2016","24.34","23.70","24.34","23.59","257.67M","3.49%"
"01/28/2016","23.52","23.45","23.63","23.10","222.72M","0.68%"
"01/27/2016","23.36","24.01","24.16","23.34","533.48M","-6.56%"
"01/26/2016","25.00","24.98","25.22","24.52","300.31M","0.56%"
"01/25/2016","24.86","25.38","25.38","24.80","207.18M","-1.97%"
"01/22/2016","25.36","24.66","25.36","24.59","263.20M","5.36%"
"01/21/2016","24.07","24.27","24.47","23.73","208.65M","-0.54%"
"01/20/2016","24.20","23.77","24.55","23.36","289.34M","0.17%"
"01/19/2016","24.16","24.60","24.66","23.88","212.35M","-0.49%"
"01/15/2016","24.28","24.05","24.43","23.84","319.34M","-2.41%"
"01/14/2016","24.88","24.49","25.12","23.93","252.68M","2.18%"
"01/13/2016","24.35","25.08","25.30","24.32","249.76M","-2.56%"
"01/12/2016","24.99","25.14","25.17","24.71","196.62M","1.46%"
"01/11/2016","24.63","24.74","24.77","24.34","198.96M","1.61%"
"01/08/2016","24.24","24.64","24.78","24.19","283.19M","0.54%"
"01/07/2016","24.11","24.67","25.03","24.11","324.38M","-4.25%"
"01/06/2016","25.18","25.14","25.59","24.97","273.83M","-1.95%"
"01/05/2016","25.68","26.44","26.46","25.60","223.16M","-2.51%"
"01/04/2016","26.34","25.65","26.34","25.50","270.60M","0.08%"
"12/31/2015","26.32","26.75","26.76","26.20","163.65M","-1.90%"
"12/30/2015","26.83","27.14","27.18","26.80","100.86M","-1.29%"
"12/29/2015","27.18","26.74","27.36","26.71","123.72M","1.80%"
"12/28/2015","26.70","26.90","26.92","26.55","106.82M","-1.15%"
"12/24/2015","27.01","27.25","27.25","26.99","54.39M","-0.52%"
"12/23/2015","27.15","26.82","27.21","26.80","130.63M","1.27%"
"12/22/2015","26.81","26.85","26.93","26.61","131.16M","-0.07%"
"12/21/2015","26.83","26.82","26.84","26.39","190.36M","1.21%"
"12/18/2015","26.51","27.23","27.38","26.45","385.81M","-2.72%"
"12/17/2015","27.25","28.00","28.06","27.25","179.09M","-2.12%"
"12/16/2015","27.84","27.77","28.00","27.20","224.95M","0.80%"
"12/15/2015","27.62","27.98","28.20","27.59","213.29M","-1.78%"
"12/14/2015","28.12","28.05","28.17","27.45","260.01M","-0.64%"
"12/11/2015","28.30","28.80","28.85","28.21","187.54M","-2.55%"
"12/10/2015","29.04","29.01","29.23","28.88","116.85M","0.45%"
"12/09/2015","28.91","29.41","29.42","28.77","185.45M","-2.20%"
"12/08/2015","29.56","29.38","29.65","29.21","137.24M","-0.03%"
"12/07/2015","29.57","29.75","29.96","29.45","128.34M","-0.64%"
"12/04/2015","29.76","28.82","29.81","28.78","231.11M","3.33%"
"12/03/2015","28.80","29.14","29.20","28.55","166.28M","-0.93%"
"12/02/2015","29.07","29.26","29.53","29.02","133.55M","-0.92%"
"12/01/2015","29.34","29.69","29.70","29.21","139.41M","-0.78%"
"11/30/2015","29.57","29.50","29.85","29.44","156.72M","0.41%"
"11/27/2015","29.45","29.57","29.60","29.40","52.19M","-0.20%"
"11/25/2015","29.51","29.80","29.81","29.48","85.55M","-0.71%"
"11/24/2015","29.72","29.33","29.84","29.28","171.21M","0.95%"
"11/23/2015","29.44","29.82","29.93","29.34","129.93M","-1.27%"
"11/20/2015","29.82","29.80","29.98","29.71","137.15M","0.40%"
"11/19/2015","29.70","29.41","29.94","29.19","173.18M","1.30%"
"11/18/2015","29.32","28.94","29.37","28.88","186.70M","3.17%"
"11/17/2015","28.42","28.73","28.76","28.33","110.47M","-0.42%"
"11/16/2015","28.54","27.84","28.56","27.75","152.43M","1.60%"
"11/13/2015","28.09","28.80","28.89","28.07","183.25M","-2.90%"
"11/12/2015","28.93","29.07","29.20","28.91","130.10M","-0.34%"
"11/11/2015","29.03","29.09","29.36","28.80","180.87M","-0.55%"
"11/10/2015","29.19","29.23","29.52","29.02","236.51M","-3.15%"
"11/09/2015","30.14","30.24","30.45","30.01","135.49M","-0.43%"
"11/06/2015","30.27","30.28","30.45","30.16","132.17M","0.13%"
"11/05/2015","30.23","30.46","30.67","30.05","158.21M","-0.89%"
"11/04/2015","30.50","30.78","30.95","30.41","179.54M","-0.46%"
"11/03/2015","30.64","30.20","30.87","30.18","182.08M","1.12%"
"11/02/2015","30.30","29.97","30.34","29.90","128.81M","1.41%"
"10/30/2015","29.88","30.25","30.30","29.86","197.46M","-0.83%"
"10/29/2015","30.13","29.68","30.17","29.57","204.91M","1.04%"
"10/28/2015","29.82","29.23","29.82","29.02","342.21M","4.12%"
"10/27/2015","28.64","28.85","29.14","28.50","279.54M","-0.62%"
"10/26/2015","28.82","29.52","29.53","28.73","265.34M","-3.19%"
"10/23/2015","29.77","29.18","29.81","29.08","237.47M","3.08%"
"10/22/2015","28.88","28.58","28.88","28.52","166.62M","1.55%"
"10/21/2015","28.44","28.50","28.89","28.43","169.31M","0.00%"
"10/20/2015","28.44","27.84","28.54","27.70","195.87M","1.83%"
"10/19/2015","27.93","27.70","27.94","27.53","119.04M","0.61%"
"10/16/2015","27.76","27.95","28.00","27.63","156.93M","-0.72%"
"10/15/2015","27.96","27.73","28.02","27.62","150.69M","1.49%"
"10/14/2015","27.55","27.82","27.88","27.39","177.85M","-1.43%"
"10/13/2015","27.95","27.70","28.11","27.67","132.20M","0.18%"
"10/12/2015","27.90","28.18","28.19","27.86","121.87M","-0.46%"
"10/09/2015","28.03","27.50","28.07","27.37","211.06M","2.37%"
"10/08/2015","27.38","27.55","27.55","27.05","247.92M","-1.16%"
"10/07/2015","27.70","27.93","27.94","27.35","187.06M","-0.47%"
"10/06/2015","27.83","27.66","27.93","27.44","195.43M","0.47%"
"10/05/2015","27.70","27.47","27.84","27.27","208.26M","0.40%"
"10/02/2015","27.59","27.00","27.75","26.89","232.08M","0.73%"
"10/01/2015","27.39","27.27","27.41","26.83","255.72M","-0.65%"
"09/30/2015","27.57","27.54","27.89","27.18","265.89M","1.10%"
"09/29/2015","27.27","28.21","28.38","26.96","293.46M","-2.99%"
"09/28/2015","28.11","28.46","28.64","28.11","208.44M","-1.99%"
"09/25/2015","28.68","29.11","29.17","28.50","224.61M","-0.24%"
"09/24/2015","28.75","28.31","28.88","28.09","200.88M","0.59%"
"09/23/2015","28.58","28.41","28.68","28.32","143.03M","0.81%"
"09/22/2015","28.35","28.34","28.55","28.13","201.38M","-1.56%"
"09/21/2015","28.80","28.42","28.84","28.41","200.89M","1.55%"
"09/18/2015","28.36","28.05","28.57","27.97","297.14M","-0.42%"
"09/17/2015","28.48","28.91","29.12","28.43","256.45M","-2.13%"
"09/16/2015","29.10","29.06","29.14","28.86","148.69M","0.10%"
"09/15/2015","29.07","28.98","29.13","28.61","173.36M","0.83%"
"09/14/2015","28.83","29.14","29.22","28.71","233.45M","0.98%"
"09/11/2015","28.55","27.95","28.55","27.94","199.66M","1.46%"
"09/10/2015","28.14","27.57","28.32","27.48","251.57M","2.18%"
"09/09/2015","27.54","28.44","28.50","27.44","340.04M","-1.92%"
"09/08/2015","28.08","27.91","28.14","27.58","219.37M","2.78%"
"09/04/2015","27.32","27.24","27.61","27.13","199.99M","-0.98%"
"09/03/2015","27.59","28.12","28.20","27.51","212.94M","-1.78%"
"09/02/2015","28.09","27.56","28.09","27.28","247.56M","4.31%"
"09/01/2015","26.93","27.54","27.97","26.84","307.38M","-4.47%"
"08/31/2015","28.19","28.01","28.63","28.00","224.92M","-0.46%"
"08/28/2015","28.32","28.04","28.33","27.89","212.66M","0.32%"
"08/27/2015","28.23","28.06","28.31","27.50","338.46M","2.95%"
"08/26/2015","27.42","26.77","27.47","26.26","387.10M","5.75%"
"08/25/2015","25.93","27.78","27.78","25.88","414.41M","0.58%"
"08/24/2015","25.78","23.72","27.20","23.00","648.83M","-2.50%"
"08/21/2015","26.44","27.61","27.98","26.41","513.10M","-6.11%"
"08/20/2015","28.16","28.52","28.59","27.91","274.01M","-2.05%"
"08/19/2015","28.75","29.02","29.13","28.67","193.15M","-1.27%"
"08/18/2015","29.12","29.11","29.36","29.00","138.24M","-0.58%"
"08/17/2015","29.29","29.01","29.41","28.88","163.54M","1.03%"
"08/14/2015","28.99","28.58","29.08","28.50","171.72M","0.69%"
"08/13/2015","28.79","29.01","29.10","28.64","194.14M","-0.07%"
"08/12/2015","28.81","28.13","28.86","27.41","406.74M","1.55%"
"08/11/2015","28.37","29.45","29.55","28.33","388.33M","-5.21%"
"08/10/2015","29.93","29.13","30.00","29.13","219.81M","3.64%"
"08/07/2015","28.88","28.64","29.06","28.62","154.68M","0.35%"
"08/06/2015","28.78","28.99","29.12","28.53","211.61M","-0.24%"
"08/05/2015","28.85","28.24","29.36","28.02","397.25M","0.66%"
"08/04/2015","28.66","29.36","29.43","28.31","496.55M","-3.21%"
"08/03/2015","29.61","30.38","30.64","29.38","279.90M","-2.34%"
"07/31/2015","30.32","30.65","30.66","30.23","171.54M","-0.88%"
"07/30/2015","30.59","30.58","30.64","30.43","134.51M","-0.52%"
"07/29/2015","30.75","30.79","30.88","30.57","148.05M","-0.29%"
"07/28/2015","30.84","30.84","30.98","30.64","134.47M","0.49%"
"07/27/2015","30.69","30.77","30.90","30.53","177.82M","-1.38%"
"07/24/2015","31.12","31.33","31.43","30.98","168.65M","-0.54%"
"07/23/2015","31.29","31.55","31.77","31.27","204.00M","-0.03%"
"07/22/2015","31.30","30.50","31.38","30.50","461.80M","-4.25%"
"07/21/2015","32.69","33.21","33.23","32.58","307.03M","-1.00%"
"07/20/2015","33.02","32.74","33.24","32.67","235.60M","1.88%"
"07/17/2015","32.41","32.27","32.41","32.08","184.66M","0.87%"
"07/16/2015","32.13","31.93","32.14","31.84","144.89M","1.36%"
"07/15/2015","31.70","31.43","31.79","31.39","134.60M","0.96%"
"07/14/2015","31.40","31.51","31.59","31.26","127.07M","-0.03%"
"07/13/2015","31.41","31.26","31.44","31.08","165.76M","1.91%"
"07/10/2015","30.82","30.48","30.96","30.30","245.42M","2.66%"
"07/09/2015","30.02","30.96","31.02","29.80","314.38M","-2.02%"
"07/08/2015","30.64","31.12","31.16","30.64","243.05M","-2.48%"
"07/07/2015","31.42","31.47","31.54","30.94","187.79M","-0.25%"
"07/06/2015","31.50","31.23","31.56","31.21","112.24M","-0.35%"
"07/02/2015","31.61","31.61","31.67","31.44","108.84M","-0.13%"
"07/01/2015","31.65","31.73","31.73","31.50","120.96M","0.92%"
"06/30/2015","31.36","31.39","31.53","31.21","177.48M","0.74%"
"06/29/2015","31.13","31.36","31.62","31.12","196.65M","-1.77%"
"06/26/2015","31.69","31.92","32.00","31.63","176.27M","-0.60%"
"06/25/2015","31.88","32.22","32.30","31.88","127.75M","-0.47%"
"06/24/2015","32.03","31.80","32.45","31.78","221.12M","0.85%"
"06/23/2015","31.76","31.87","31.90","31.72","121.08M","-0.44%"
"06/22/2015","31.90","31.87","32.02","31.77","136.16M","0.79%"
"06/19/2015","31.65","31.93","31.95","31.60","218.87M","-1.00%"
"06/18/2015","31.97","31.81","32.08","31.80","141.63M","0.47%"
"06/17/2015","31.82","31.93","31.97","31.68","131.67M","-0.25%"
"06/16/2015","31.90","31.76","31.96","31.59","125.98M","0.54%"
"06/15/2015","31.73","31.52","31.81","31.43","175.96M","-0.19%"
"06/12/2015","31.79","32.05","32.08","31.78","147.54M","-1.12%"
"06/11/2015","32.15","32.30","32.55","32.12","141.56M","-0.22%"
"06/10/2015","32.22","31.98","32.34","31.96","156.35M","1.13%"
"06/09/2015","31.86","31.68","32.02","31.41","224.30M","-0.28%"
"06/08/2015","31.95","32.23","32.30","31.71","210.70M","-0.65%"
"06/05/2015","32.16","32.38","32.42","32.09","142.51M","-0.56%"
"06/04/2015","32.34","32.40","32.65","32.23","153.80M","-0.58%"
"06/03/2015","32.53","32.66","32.73","32.48","123.93M","0.12%"
"06/02/2015","32.49","32.47","32.66","32.33","134.67M","-0.43%"
"06/01/2015","32.63","32.80","32.85","32.51","128.45M","0.18%"
"05/29/2015","32.57","32.81","32.86","32.48","203.54M","-1.15%"
"05/28/2015","32.95","32.97","32.99","32.77","122.93M","-0.18%"
"05/27/2015","33.01","32.59","33.06","32.51","183.33M","1.85%"
"05/26/2015","32.41","33.15","33.23","32.28","282.79M","-2.17%"
"05/22/2015","33.13","32.90","33.24","32.85","182.38M","0.85%"
"05/21/2015","32.85","32.52","32.91","32.46","158.92M","1.01%"
"05/20/2015","32.52","32.50","32.74","32.34","145.82M","0.00%"
"05/19/2015","32.52","32.67","32.72","32.41","178.53M","-0.09%"
"05/18/2015","32.55","32.09","32.68","32.09","203.53M","1.12%"
"05/15/2015","32.19","32.27","32.37","32.05","152.83M","-0.16%"
"05/14/2015","32.24","31.85","32.24","31.79","180.81M","2.35%"
"05/13/2015","31.50","31.54","31.80","31.47","138.78M","0.10%"
"05/12/2015","31.47","31.40","31.72","31.20","192.64M","-0.35%"
"05/11/2015","31.58","31.85","31.89","31.41","168.14M","-1.03%"
"05/08/2015","31.91","31.67","31.91","31.53","222.20M","1.88%"
"05/07/2015","31.32","31.19","31.52","31.00","175.76M","0.22%"
"05/06/2015","31.25","31.64","31.69","30.84","288.56M","-0.64%"
"05/05/2015","31.45","32.04","32.11","31.45","197.09M","-2.24%"
"05/04/2015","32.17","32.38","32.64","32.06","203.95M","-0.22%"
"05/01/2015","32.24","31.52","32.53","31.32","234.05M","3.04%"
"04/30/2015","31.29","31.88","31.97","31.14","332.78M","-2.71%"
"04/29/2015","32.16","32.54","32.90","32.08","253.54M","-1.47%"
"04/28/2015","32.64","33.61","33.63","32.39","475.70M","-1.57%"
"04/27/2015","33.16","33.08","33.28","32.79","387.82M","1.81%"
"04/24/2015","32.57","32.62","32.66","32.31","178.10M","0.46%"
"04/23/2015","32.42","32.08","32.60","32.03","183.08M","0.81%"
"04/22/2015","32.16","31.75","32.22","31.58","150.62M","1.36%"
"04/21/2015","31.73","32.02","32.05","31.67","129.74M","-0.53%"
"04/20/2015","31.90","31.39","32.03","31.29","188.22M","2.28%"
"04/17/2015","31.19","31.39","31.54","31.11","207.83M","-1.11%"
"04/16/2015","31.54","31.57","31.77","31.53","113.48M","-0.50%"
"04/15/2015","31.70","31.60","31.78","31.50","115.88M","0.41%"
"04/14/2015","31.57","31.75","31.82","31.48","102.10M","-0.44%"
"04/13/2015","31.71","32.09","32.14","31.65","145.46M","-0.19%"
"04/10/2015","31.77","31.49","31.80","31.32","160.75M","0.41%"
"04/09/2015","31.64","31.46","31.64","31.16","129.94M","0.76%"
"04/08/2015","31.40","31.46","31.60","31.24","149.32M","-0.32%"
"04/07/2015","31.50","31.91","32.03","31.50","140.05M","-1.07%"
"04/06/2015","31.84","31.12","31.88","31.08","148.78M","1.63%"
"04/02/2015","31.33","31.26","31.39","31.05","128.88M","0.87%"
"04/01/2015","31.06","31.20","31.28","30.77","162.49M","-0.16%"
"03/31/2015","31.11","31.52","31.62","31.09","168.36M","-1.52%"
"03/30/2015","31.59","31.01","31.60","31.00","188.40M","2.53%"
"03/27/2015","30.81","31.14","31.18","30.73","158.18M","-0.80%"
"03/26/2015","31.06","30.69","31.22","30.65","190.29M","0.71%"
"03/25/2015","30.84","31.64","31.70","30.84","206.62M","-2.62%"
"03/24/2015","31.67","31.81","32.01","31.64","131.37M","-0.41%"
"03/23/2015","31.80","31.78","31.96","31.63","150.84M","1.02%"
"03/20/2015","31.48","32.06","32.10","31.29","274.78M","-1.22%"
"03/19/2015","31.87","32.19","32.31","31.85","183.24M","-0.78%"
"03/18/2015","32.12","31.75","32.29","31.59","261.08M","1.13%"
"03/17/2015","31.76","31.48","31.83","31.41","204.09M","1.66%"
"03/16/2015","31.24","30.97","31.24","30.72","143.50M","1.10%"
"03/13/2015","30.90","31.10","31.35","30.64","207.31M","-0.68%"
"03/12/2015","31.11","30.58","31.23","30.41","193.45M","1.80%"
"03/11/2015","30.56","31.19","31.19","30.53","275.76M","-1.83%"
"03/10/2015","31.13","31.60","31.80","30.95","275.43M","-2.08%"
"03/09/2015","31.79","31.99","32.39","31.27","354.11M","0.44%"
"03/06/2015","31.65","32.10","32.34","31.57","291.37M","0.16%"
"03/05/2015","31.60","32.15","32.19","31.44","226.07M","-1.65%"
"03/04/2015","32.13","32.27","32.39","32.08","126.67M","-0.65%"
"03/03/2015","32.34","32.24","32.38","32.02","151.27M","0.22%"
"03/02/2015","32.27","32.31","32.57","32.08","192.39M","0.47%"
"02/27/2015","32.12","32.50","32.64","32.06","248.06M","-1.47%"
"02/26/2015","32.60","32.20","32.72","31.65","365.15M","1.24%"
"02/25/2015","32.20","32.89","32.90","32.04","298.85M","-2.54%"
"02/24/2015","33.04","33.23","33.40","32.79","276.91M","-0.63%"
"02/23/2015","33.25","32.51","33.25","32.41","283.90M","2.72%"
"02/20/2015","32.37","32.16","32.38","32.01","195.79M","0.81%"
"02/19/2015","32.11","32.12","32.26","32.08","149.45M","-0.22%"
"02/18/2015","32.18","31.91","32.20","31.86","179.57M","0.69%"
"02/17/2015","31.96","31.87","32.22","31.73","252.61M","0.60%"
"02/13/2015","31.77","31.82","31.82","31.41","217.09M","0.51%"
"02/12/2015","31.61","31.52","31.87","31.39","297.90M","1.25%"
"02/11/2015","31.22","30.69","31.23","30.62","294.25M","2.36%"
"02/10/2015","30.50","30.04","30.54","30.04","248.03M","1.90%"
"02/09/2015","29.93","29.64","29.96","29.61","155.56M","0.67%"
"02/06/2015","29.73","30.00","30.06","29.61","174.83M","-0.83%"
"02/05/2015","29.98","30.00","30.06","29.81","168.98M","0.30%"
"02/04/2015","29.89","29.62","30.13","29.58","280.60M","0.78%"
"02/03/2015","29.66","29.62","29.77","29.40","207.66M","0.00%"
"02/02/2015","29.66","29.51","29.79","29.02","250.96M","1.26%"
"01/30/2015","29.29","29.60","30.00","29.21","334.98M","-1.48%"
"01/29/2015","29.73","29.08","29.80","28.89","337.75M","3.12%"
"01/28/2015","28.83","29.41","29.53","28.83","585.91M","5.64%"
"01/27/2015","27.29","28.11","28.12","27.26","382.28M","-3.47%"
"01/26/2015","28.27","28.43","28.59","28.20","222.46M","0.07%"
"01/23/2015","28.25","28.07","28.44","27.88","185.86M","0.53%"
"01/22/2015","28.10","27.57","28.12","27.43","215.19M","2.59%"
"01/21/2015","27.39","27.24","27.77","27.07","194.30M","0.77%"
"01/20/2015","27.18","26.96","27.22","26.62","199.60M","2.57%"
"01/16/2015","26.50","26.76","26.89","26.30","314.05M","-0.75%"
"01/15/2015","26.70","27.50","27.52","26.66","240.06M","-2.73%"
"01/14/2015","27.45","27.26","27.62","27.12","195.83M","-0.36%"
"01/13/2015","27.55","27.86","28.20","27.23","268.37M","0.88%"
"01/12/2015","27.31","28.15","28.16","27.20","198.60M","-2.46%"
"01/09/2015","28.00","28.17","28.31","27.55","214.80M","0.11%"
"01/08/2015","27.97","27.31","28.04","27.18","237.46M","3.82%"
"01/07/2015","26.94","26.80","27.05","26.67","160.42M","1.39%"
"01/06/2015","26.57","26.64","26.86","26.16","263.19M","0.04%"
"01/05/2015","26.56","27.07","27.16","26.35","257.14M","-2.82%"
"01/02/2015","27.33","27.85","27.86","26.84","212.82M","-0.94%"
"12/31/2014","27.59","28.20","28.28","27.55","165.61M","-1.92%"
"12/30/2014","28.13","28.41","28.48","28.03","119.53M","-1.23%"
"12/29/2014","28.48","28.45","28.69","28.43","110.40M","-0.07%"
"12/26/2014","28.50","28.02","28.63","28.00","134.88M","1.79%"
"12/24/2014","28.00","28.14","28.18","28.00","57.92M","-0.50%"
"12/23/2014","28.14","28.31","28.33","28.11","104.11M","-0.32%"
"12/22/2014","28.23","28.04","28.37","27.99","180.67M","1.00%"
"12/19/2014","27.95","28.07","28.31","27.91","353.72M","-0.75%"
"12/18/2014","28.16","27.97","28.16","27.66","236.02M","2.96%"
"12/17/2014","27.35","26.78","27.46","26.70","213.65M","2.47%"
"12/16/2014","26.69","26.59","27.54","26.57","243.16M","-1.37%"
"12/15/2014","27.06","27.68","27.90","26.59","268.87M","-1.35%"
"12/12/2014","27.43","27.61","27.97","27.39","224.11M","-1.72%"
"12/11/2014","27.91","28.07","28.45","27.84","165.89M","-0.29%"
"12/10/2014","27.99","28.60","28.71","27.89","178.26M","-1.89%"
"12/09/2014","28.53","27.55","28.57","27.34","240.83M","1.53%"
"12/08/2014","28.10","28.52","28.66","27.91","230.66M","-2.26%"
"12/05/2014","28.75","29.00","29.02","28.66","153.28M","-0.42%"
"12/04/2014","28.87","28.94","29.30","28.82","168.62M","-0.38%"
"12/03/2014","28.98","28.94","29.09","28.78","172.25M","1.12%"
"12/02/2014","28.66","28.38","28.94","28.19","237.40M","-0.38%"
"12/01/2014","28.77","29.70","29.81","27.82","335.26M","-3.23%"
"11/28/2014","29.73","29.82","29.85","29.51","99.26M","-0.07%"
"11/26/2014","29.75","29.48","29.77","29.46","163.33M","1.19%"
"11/25/2014","29.40","29.77","29.94","29.36","275.36M","-0.88%"
"11/24/2014","29.66","29.21","29.69","29.16","189.80M","1.85%"
"11/21/2014","29.12","29.38","29.39","29.01","228.72M","0.14%"
"11/20/2014","29.08","28.73","29.21","28.71","173.58M","1.43%"
"11/19/2014","28.67","28.86","28.93","28.45","167.48M","-0.69%"
"11/18/2014","28.87","28.48","28.92","28.47","176.90M","1.30%"
"11/17/2014","28.50","28.57","29.32","28.32","186.99M","-0.18%"
"11/14/2014","28.55","28.29","28.55","28.26","176.25M","1.24%"
"11/13/2014","28.20","27.95","28.36","27.90","238.09M","1.40%"
"11/12/2014","27.81","27.34","27.86","27.34","187.77M","1.39%"
"11/11/2014","27.43","27.18","27.44","27.10","109.77M","0.81%"
"11/10/2014","27.21","27.25","27.33","27.17","108.78M","-0.15%"
"11/07/2014","27.25","27.19","27.33","27.14","134.77M","0.26%"
"11/06/2014","27.18","27.15","27.20","26.95","139.87M","-0.11%"
"11/05/2014","27.21","27.27","27.32","27.03","149.74M","0.22%"
"11/04/2014","27.15","27.34","27.37","26.93","166.30M","-0.73%"
"11/03/2014","27.35","27.05","27.57","27.00","209.13M","1.30%"
"10/31/2014","27.00","27.00","27.01","26.80","178.56M","0.93%"
"10/30/2014","26.75","26.74","26.84","26.48","162.62M","-0.34%"
"10/29/2014","26.84","26.66","26.84","26.59","210.75M","0.60%"
"10/28/2014","26.68","26.35","26.68","26.34","192.24M","1.52%"
"10/27/2014","26.28","26.21","26.37","26.18","136.75M","-0.08%"
"10/24/2014","26.30","26.30","26.37","26.13","188.22M","0.34%"
"10/23/2014","26.21","26.02","26.26","25.91","284.30M","1.79%"
"10/22/2014","25.75","25.71","26.03","25.65","273.05M","0.51%"
"10/21/2014","25.62","25.75","25.75","25.32","378.50M","2.73%"
"10/20/2014","24.94","24.58","24.99","24.55","310.07M","2.13%"
"10/17/2014","24.42","24.38","24.75","24.20","272.72M","1.45%"
"10/16/2014","24.07","23.89","24.43","23.85","288.62M","-1.31%"
"10/15/2014","24.39","24.49","24.79","23.80","403.73M","-1.22%"
"10/14/2014","24.69","25.10","25.13","24.64","254.75M","-1.04%"
"10/13/2014","24.95","25.33","25.45","24.95","214.33M","-0.91%"
"10/10/2014","25.18","25.17","25.51","25.07","265.33M","-0.28%"
"10/09/2014","25.25","25.39","25.59","25.15","309.51M","0.20%"
"10/08/2014","25.20","24.69","25.28","24.58","229.62M","2.07%"
"10/07/2014","24.69","24.86","25.03","24.68","168.38M","-0.88%"
"10/06/2014","24.91","24.99","25.16","24.86","148.20M","0.00%"
"10/03/2014","24.91","24.86","25.05","24.76","173.88M","-0.28%"
"10/02/2014","24.98","24.82","25.05","24.51","191.03M","0.73%"
"10/01/2014","24.80","25.15","25.17","24.68","205.97M","-1.55%"
"09/30/2014","25.19","25.20","25.39","25.13","221.06M","0.64%"
"09/29/2014","25.03","24.66","25.11","24.66","199.07M","-0.64%"
"09/26/2014","25.19","24.63","25.19","24.60","249.48M","2.94%"
"09/25/2014","24.47","25.13","25.18","24.43","400.37M","-3.81%"
"09/24/2014","25.44","25.54","25.71","25.30","240.69M","-0.86%"
"09/23/2014","25.66","25.15","25.73","25.14","253.61M","1.54%"
"09/22/2014","25.27","25.45","25.54","25.14","211.15M","0.12%"
"09/19/2014","25.24","25.57","25.59","25.12","283.61M","-0.83%"
"09/18/2014","25.45","25.48","25.59","25.39","149.20M","0.24%"
"09/17/2014","25.39","25.32","25.45","25.15","243.71M","0.71%"
"09/16/2014","25.21","24.95","25.32","24.72","267.63M","-0.79%"
"09/15/2014","25.41","25.70","25.76","25.36","245.27M","0.00%"
"09/12/2014","25.41","25.30","25.55","25.27","256.39M","0.20%"
"09/11/2014","25.36","25.10","25.36","24.91","249.60M","0.44%"
"09/10/2014","25.25","24.50","25.28","24.44","403.48M","3.06%"
"09/09/2014","24.50","24.77","25.77","24.04","759.39M","-0.37%"
"09/08/2014","24.59","24.82","24.83","24.51","185.43M","-0.61%"
"09/05/2014","24.74","24.70","24.85","24.58","233.83M","0.86%"
"09/04/2014","24.53","24.71","25.02","24.45","342.87M","-0.81%"
"09/03/2014","24.73","25.77","25.80","24.64","501.68M","-4.22%"
"09/02/2014","25.82","25.77","25.93","25.68","214.26M","0.78%"
"08/29/2014","25.62","25.71","25.73","25.55","178.38M","0.23%"
"08/28/2014","25.56","25.40","25.70","25.39","273.84M","0.12%"
"08/27/2014","25.53","25.25","25.64","25.18","209.48M","1.23%"
"08/26/2014","25.22","25.36","25.38","25.21","132.61M","-0.67%"
"08/25/2014","25.39","25.45","25.54","25.32","161.08M","0.24%"
"08/22/2014","25.33","25.07","25.37","25.05","176.74M","0.76%"
"08/21/2014","25.14","25.14","25.23","25.03","133.91M","0.00%"
"08/20/2014","25.14","25.11","25.27","24.99","210.80M","0.04%"
"08/19/2014","25.13","24.85","25.17","24.83","277.60M","1.37%"
"08/18/2014","24.79","24.62","24.84","24.50","190.29M","1.18%"
"08/15/2014","24.50","24.48","24.55","24.21","195.81M","0.49%"
"08/14/2014","24.38","24.33","24.39","24.20","112.46M","0.29%"
"08/13/2014","24.31","24.04","24.31","24.01","127.67M","1.33%"
"08/12/2014","23.99","24.01","24.22","23.90","135.18M","-0.04%"
"08/11/2014","24.00","23.82","24.02","23.71","146.34M","1.35%"
"08/08/2014","23.68","23.57","23.70","23.32","167.46M","0.25%"
"08/07/2014","23.62","23.73","23.99","23.52","186.84M","-0.51%"
"08/06/2014","23.74","23.69","23.87","23.68","154.23M","-0.17%"
"08/05/2014","23.78","23.84","23.92","23.59","223.73M","-0.50%"
"08/04/2014","23.90","24.09","24.14","23.79","159.83M","-0.54%"
"08/01/2014","24.03","23.73","24.16","23.70","194.05M","0.54%"
"07/31/2014","23.90","24.29","24.36","23.83","227.37M","-2.61%"
"07/30/2014","24.54","24.61","24.68","24.42","132.04M","-0.20%"
"07/29/2014","24.59","24.83","24.86","24.56","172.57M","-0.65%"
"07/28/2014","24.75","24.45","24.81","24.39","221.27M","1.35%"
"07/25/2014","24.42","24.21","24.46","24.16","173.88M","0.66%"
"07/24/2014","24.26","24.26","24.33","24.11","182.92M","-0.16%"
"07/23/2014","24.30","23.86","24.47","23.79","371.67M","2.62%"
"07/22/2014","23.68","23.67","23.72","23.53","220.79M","0.85%"
"07/21/2014","23.48","23.75","23.75","23.43","156.32M","-0.55%"
"07/18/2014","23.61","23.41","23.68","23.25","199.95M","1.46%"
"07/17/2014","23.27","23.76","23.82","23.14","229.19M","-1.81%"
"07/16/2014","23.70","24.24","24.27","23.68","214.01M","-0.55%"
"07/15/2014","23.83","24.20","24.21","23.76","182.78M","-1.16%"
"07/14/2014","24.11","23.96","24.22","23.91","171.24M","1.30%"
"07/11/2014","23.80","23.84","23.97","23.72","136.07M","0.17%"
"07/10/2014","23.76","23.44","23.89","23.38","158.74M","-0.38%"
"07/09/2014","23.85","23.86","23.99","23.69","145.75M","0.04%"
"07/08/2014","23.84","24.07","24.20","23.48","260.89M","-0.63%"
"07/07/2014","23.99","23.54","24.00","23.52","225.87M","2.04%"
"07/03/2014","23.51","23.42","23.52","23.30","91.57M","0.60%"
"07/02/2014","23.37","23.47","23.52","23.27","113.86M","-0.04%"
"07/01/2014","23.38","23.38","23.52","23.28","152.89M","0.65%"
"06/30/2014","23.23","23.02","23.43","23.02","198.36M","1.00%"
"06/27/2014","23.00","22.70","23.00","22.69","256.12M","1.19%"
"06/26/2014","22.73","22.59","22.76","22.45","130.52M","0.62%"
"06/25/2014","22.59","22.55","22.68","22.41","147.47M","0.09%"
"06/24/2014","22.57","22.69","22.93","22.55","156.14M","-0.62%"
"06/23/2014","22.71","22.83","22.91","22.65","174.78M","-0.09%"
"06/20/2014","22.73","22.96","23.14","22.73","403.59M","-1.00%"
"06/19/2014","22.96","23.07","23.07","22.83","142.11M","-0.39%"
"06/18/2014","23.05","23.07","23.07","22.84","134.06M","0.13%"
"06/17/2014","23.02","23.08","23.18","22.95","118.91M","-0.13%"
"06/16/2014","23.05","22.88","23.19","22.86","142.25M","1.01%"
"06/13/2014","22.82","23.05","23.11","22.72","218.10M","-1.08%"
"06/12/2014","23.07","23.51","23.53","22.98","219.00M","-1.66%"
"06/11/2014","23.46","23.53","23.69","23.37","182.72M","-0.42%"
"06/10/2014","23.56","23.68","23.76","23.39","251.11M","0.55%"
"06/09/2014","23.43","23.18","23.47","22.94","301.66M","1.60%"
"06/06/2014","23.06","23.21","23.26","23.02","350.48M","-0.26%"
"06/05/2014","23.12","23.08","23.19","22.95","303.80M","0.39%"
"06/04/2014","23.03","22.77","23.14","22.72","335.48M","1.14%"
"06/03/2014","22.77","22.44","22.81","22.44","292.93M","1.43%"
"06/02/2014","22.45","22.64","22.67","22.23","369.35M","-0.71%"
"05/30/2014","22.61","22.78","23.01","22.46","564.02M","-0.35%"
"05/29/2014","22.69","22.42","22.75","22.42","376.47M","1.79%"
"05/28/2014","22.29","22.36","22.49","22.28","315.69M","-0.22%"
"05/27/2014","22.34","22.00","22.35","21.99","348.87M","1.87%"
"05/23/2014","21.93","21.69","21.95","21.66","232.21M","1.11%"
"05/22/2014","21.69","21.66","21.78","21.57","200.88M","0.18%"
"05/21/2014","21.65","21.57","21.67","21.50","197.00M","0.23%"
"05/20/2014","21.60","21.59","21.66","21.45","234.84M","0.05%"
"05/19/2014","21.59","21.35","21.69","21.33","317.76M","1.17%"
"05/16/2014","21.34","21.02","21.34","20.91","276.37M","1.47%"
"05/15/2014","21.03","21.24","21.31","21.00","230.85M","-0.85%"
"05/14/2014","21.21","21.16","21.34","21.13","166.40M","0.00%"
"05/13/2014","21.21","21.14","21.23","21.10","159.74M","0.19%"
"05/12/2014","21.17","20.98","21.20","20.98","213.30M","1.24%"
"05/09/2014","20.91","20.88","20.94","20.73","291.60M","-0.43%"
"05/08/2014","21.00","21.01","21.23","20.94","230.30M","-0.71%"
"05/07/2014","21.15","21.26","21.33","20.99","282.86M","-0.38%"
"05/06/2014","21.23","21.49","21.59","21.23","374.57M","-1.07%"
"05/05/2014","21.46","21.08","21.46","21.07","287.07M","1.42%"
"05/02/2014","21.16","21.15","21.22","21.06","191.51M","0.19%"
"05/01/2014","21.12","21.14","21.24","20.94","244.21M","0.24%"
"04/30/2014","21.07","21.17","21.41","21.06","456.88M","-0.38%"
"04/29/2014","21.15","21.20","21.28","21.05","337.38M","-0.33%"
"04/28/2014","21.22","20.46","21.28","20.45","669.49M","3.87%"
"04/25/2014","20.43","20.16","20.43","20.14","390.28M","0.74%"
"04/24/2014","20.28","20.29","20.36","20.03","759.91M","8.22%"
"04/23/2014","18.74","18.89","18.97","18.73","394.94M","-1.32%"
"04/22/2014","18.99","18.87","18.99","18.80","202.66M","0.11%"
"04/21/2014","18.97","18.76","19.00","18.71","182.68M","1.17%"
"04/17/2014","18.75","18.57","18.85","18.54","284.43M","1.13%"
"04/16/2014","18.54","18.50","18.61","18.36","214.93M","0.22%"
"04/15/2014","18.50","18.58","18.63","18.26","266.49M","-0.70%"
"04/14/2014","18.63","18.64","18.65","18.47","205.78M","0.38%"
"04/11/2014","18.56","18.54","18.67","18.47","271.90M","-0.75%"
"04/10/2014","18.70","18.95","19.01","18.68","239.65M","-1.27%"
"04/09/2014","18.94","18.67","18.95","18.64","206.17M","1.34%"
"04/08/2014","18.69","18.76","18.79","18.52","243.89M","-0.05%"
"04/07/2014","18.70","18.86","18.96","18.64","289.85M","-1.53%"
"04/04/2014","18.99","19.28","19.29","18.95","275.25M","-1.30%"
"04/03/2014","19.24","19.34","19.37","19.20","162.59M","-0.72%"
"04/02/2014","19.38","19.37","19.41","19.29","180.42M","0.21%"
"04/01/2014","19.34","19.21","19.35","19.17","200.76M","0.89%"
"03/31/2014","19.17","19.26","19.31","19.14","168.67M","0.00%"
"03/28/2014","19.17","19.23","19.25","19.08","200.56M","-0.10%"
"03/27/2014","19.19","19.29","19.34","19.11","222.03M","-0.47%"
"03/26/2014","19.28","19.52","19.61","19.24","299.77M","-0.92%"
"03/25/2014","19.46","19.34","19.49","19.27","282.29M","1.04%"
"03/24/2014","19.26","19.23","19.30","19.11","355.70M","1.21%"
"03/21/2014","19.03","19.00","19.06","18.80","374.45M","0.79%"
"03/20/2014","18.88","18.92","19.02","18.83","208.40M","-0.47%"
"03/19/2014","18.97","19.01","19.15","18.89","224.76M","-0.05%"
"03/18/2014","18.98","18.78","19.00","18.76","209.65M","0.90%"
"03/17/2014","18.81","18.85","18.93","18.78","199.54M","0.37%"
"03/14/2014","18.74","18.89","18.96","18.68","237.20M","-1.11%"
"03/13/2014","18.95","19.19","19.27","18.90","257.74M","-1.10%"
"03/12/2014","19.16","19.09","19.19","19.00","200.78M","0.05%"
"03/11/2014","19.15","19.12","19.24","19.02","280.80M","1.00%"
"03/10/2014","18.96","18.87","19.05","18.87","178.77M","0.11%"
"03/07/2014","18.94","18.97","19.00","18.79","221.66M","-0.11%"
"03/06/2014","18.96","19.03","19.09","18.86","185.69M","-0.26%"
"03/05/2014","19.01","18.96","19.10","18.90","200.26M","0.21%"
"03/04/2014","18.97","18.96","19.02","18.85","259.54M","0.64%"
"03/03/2014","18.85","18.69","18.95","18.67","239.14M","0.32%"
"02/28/2014","18.79","18.90","19.03","18.65","372.30M","-0.32%"
"02/27/2014","18.85","18.47","18.88","18.43","302.23M","2.00%"
"02/26/2014","18.48","18.70","18.75","18.41","276.53M","-0.86%"
"02/25/2014","18.64","18.91","18.91","18.61","232.99M","-1.06%"
"02/24/2014","18.84","18.68","18.93","18.66","289.46M","0.43%"
"02/21/2014","18.76","19.03","19.09","18.74","279.03M","-1.11%"
"02/20/2014","18.97","19.04","19.18","18.89","306.12M","-1.15%"
"02/19/2014","19.19","19.46","19.53","19.08","314.22M","-1.59%"
"02/18/2014","19.50","19.50","19.69","19.49","261.23M","0.36%"
"02/14/2014","19.43","19.37","19.50","19.33","273.87M","-0.05%"
"02/13/2014","19.44","19.09","19.46","19.08","307.84M","1.57%"
"02/12/2014","19.14","19.18","19.27","19.04","308.51M","0.00%"
"02/11/2014","19.14","18.95","19.21","18.91","282.69M","1.32%"
"02/10/2014","18.89","18.52","19.00","18.50","345.80M","1.78%"
"02/07/2014","18.56","18.62","18.68","18.48","374.55M","1.42%"
"02/06/2014","18.30","18.22","18.34","18.14","257.99M","-0.05%"
"02/05/2014","18.31","18.09","18.40","18.08","329.29M","0.77%"
"02/04/2014","18.17","18.07","18.19","17.96","377.09M","1.45%"
"02/03/2014","17.91","17.95","18.13","17.83","402.48M","0.17%"
"01/31/2014","17.88","17.68","17.91","17.63","465.35M","0.17%"
"01/30/2014","17.85","17.95","18.09","17.74","679.05M","-0.17%"
"01/29/2014","17.88","18.00","18.12","17.81","503.77M","-1.16%"
"01/28/2014","18.09","18.17","18.39","17.93","1.07B","-7.99%"
"01/27/2014","19.66","19.65","19.81","19.49","576.88M","0.82%"
"01/24/2014","19.50","19.79","19.84","19.46","433.54M","-1.81%"
"01/23/2014","19.86","19.64","19.87","19.46","403.91M","0.81%"
"01/22/2014","19.70","19.68","19.90","19.56","380.88M","0.46%"
"01/21/2014","19.61","19.32","19.65","19.30","329.02M","1.55%"
"01/17/2014","19.31","19.70","19.72","19.28","433.71M","-2.43%"
"01/16/2014","19.79","19.82","19.89","19.70","229.89M","-0.60%"
"01/15/2014","19.91","19.77","20.01","19.70","393.89M","2.05%"
"01/14/2014","19.51","19.22","19.53","19.20","334.94M","1.99%"
"01/13/2014","19.13","18.93","19.37","18.92","379.44M","0.53%"
"01/10/2014","19.03","19.28","19.31","18.97","305.28M","-0.68%"
"01/09/2014","19.16","19.53","19.53","19.12","279.62M","-1.29%"
"01/08/2014","19.41","19.24","19.48","19.24","258.75M","0.62%"
"01/07/2014","19.29","19.44","19.50","19.21","317.73M","-0.72%"
"01/06/2014","19.43","19.19","19.53","19.06","413.44M","0.57%"
"01/03/2014","19.32","19.74","19.77","19.30","393.22M","-2.18%"
"01/02/2014","19.75","19.85","19.89","19.72","235.17M","-1.45%"
"12/31/2013","20.04","19.79","20.05","19.79","223.28M","1.21%"
"12/30/2013","19.80","19.91","20.00","19.73","253.63M","-1.00%"
"12/27/2013","20.00","20.14","20.16","19.98","225.89M","-0.70%"
"12/26/2013","20.14","20.29","20.34","20.12","204.01M","-0.64%"
"12/24/2013","20.27","20.35","20.42","20.22","167.56M","-0.44%"
"12/23/2013","20.36","20.29","20.38","20.10","501.31M","3.82%"
"12/20/2013","19.61","19.48","19.70","19.46","436.41M","0.87%"
"12/19/2013","19.44","19.62","19.64","19.42","320.96M","-1.17%"
"12/18/2013","19.67","19.63","19.69","19.24","565.86M","-0.76%"
"12/17/2013","19.82","19.85","19.98","19.76","229.90M","-0.45%"
"12/16/2013","19.91","19.82","20.09","19.82","282.59M","0.56%"
"12/13/2013","19.80","20.10","20.10","19.77","332.82M","-1.10%"
"12/12/2013","20.02","20.08","20.19","20.00","262.29M","-0.15%"
"12/11/2013","20.05","20.25","20.39","19.99","359.72M","-0.74%"
"12/10/2013","20.20","20.13","20.28","20.04","278.27M","-0.15%"
"12/09/2013","20.23","20.03","20.34","20.03","320.49M","1.15%"
"12/06/2013","20.00","20.21","20.24","19.98","344.35M","-1.38%"
"12/05/2013","20.28","20.45","20.54","20.23","447.58M","0.50%"
"12/04/2013","20.18","20.20","20.33","20.03","377.81M","-0.25%"
"12/03/2013","20.23","19.94","20.23","19.92","450.97M","2.74%"
"12/02/2013","19.69","19.93","20.15","19.67","472.54M","-0.86%"
"11/29/2013","19.86","19.62","19.94","19.56","318.13M","1.85%"
"11/27/2013","19.50","19.15","19.50","19.05","363.45M","2.36%"
"11/26/2013","19.05","18.72","19.15","18.71","401.38M","1.87%"
"11/25/2013","18.70","18.61","18.78","18.61","229.39M","0.75%"
"11/22/2013","18.56","18.55","18.65","18.52","223.73M","-0.27%"
"11/21/2013","18.61","18.49","18.61","18.35","262.03M","1.20%"
"11/20/2013","18.39","18.54","18.59","18.37","194.18M","-0.92%"
"11/19/2013","18.56","18.54","18.69","18.50","208.94M","0.22%"
"11/18/2013","18.52","18.75","18.83","18.51","244.95M","-1.23%"
"11/15/2013","18.75","18.81","18.90","18.73","317.92M","-0.58%"
"11/14/2013","18.86","18.67","18.90","18.64","282.42M","1.45%"
"11/13/2013","18.59","18.50","18.65","18.46","197.22M","0.11%"
"11/12/2013","18.57","18.49","18.71","18.46","204.46M","0.16%"
"11/11/2013","18.54","18.57","18.63","18.37","227.45M","-0.27%"
"11/08/2013","18.59","18.38","18.61","18.31","279.32M","1.58%"
"11/07/2013","18.30","18.56","18.69","18.30","262.62M","-1.61%"
"11/06/2013","18.60","18.72","18.74","18.51","223.38M","-0.91%"
"11/05/2013","18.77","18.73","18.89","18.68","265.47M","-0.21%"
"11/04/2013","18.81","18.61","18.81","18.53","244.63M","1.29%"
"11/01/2013","18.57","18.71","18.74","18.42","274.89M","-0.54%"
"10/31/2013","18.67","18.75","18.84","18.62","275.70M","-0.43%"
"10/30/2013","18.75","18.56","18.84","18.46","354.16M","1.63%"
"10/29/2013","18.45","19.15","19.26","18.38","635.81M","-2.48%"
"10/28/2013","18.92","18.89","18.96","18.69","550.44M","0.75%"
"10/25/2013","18.78","18.98","19.04","18.75","337.79M","-1.16%"
"10/24/2013","19.00","18.75","19.02","18.66","384.76M","1.33%"
"10/23/2013","18.75","18.54","18.77","18.54","313.72M","0.97%"
"10/22/2013","18.57","18.80","18.87","18.14","534.06M","-0.27%"
"10/21/2013","18.62","18.28","18.72","18.27","398.11M","2.48%"
"10/18/2013","18.17","18.07","18.19","18.06","290.54M","0.83%"
"10/17/2013","18.02","17.86","18.03","17.85","253.59M","0.67%"
"10/16/2013","17.90","17.89","17.95","17.83","251.10M","0.51%"
"10/15/2013","17.81","17.77","17.93","17.70","320.07M","0.51%"
"10/14/2013","17.72","17.49","17.77","17.48","261.90M","0.68%"
"10/11/2013","17.60","17.39","17.64","17.33","267.74M","0.63%"
"10/10/2013","17.49","17.55","17.58","17.39","278.60M","0.63%"
"10/09/2013","17.38","17.31","17.42","17.08","301.73M","1.16%"
"10/08/2013","17.18","17.50","17.52","17.16","290.92M","-1.38%"
"10/07/2013","17.42","17.38","17.59","17.33","312.29M","0.99%"
"10/04/2013","17.25","17.28","17.31","17.09","258.87M","-0.06%"
"10/03/2013","17.26","17.52","17.58","17.17","322.75M","-1.26%"
"10/02/2013","17.48","17.34","17.56","17.28","289.18M","0.29%"
"10/01/2013","17.43","17.09","17.47","17.09","353.88M","2.35%"
"09/30/2013","17.03","17.04","17.20","16.94","260.16M","-1.22%"
"09/27/2013","17.24","17.28","17.31","17.17","228.04M","-0.69%"
"09/26/2013","17.36","17.36","17.45","17.28","237.22M","0.93%"
"09/25/2013","17.20","17.47","17.49","17.19","316.96M","-1.55%"
"09/24/2013","17.47","17.67","17.70","17.42","364.34M","-0.29%"
"09/23/2013","17.52","17.72","17.75","17.24","762.11M","4.97%"
"09/20/2013","16.69","17.07","17.09","16.64","699.30M","-1.07%"
"09/19/2013","16.87","16.81","16.99","16.76","404.54M","1.63%"
"09/18/2013","16.60","16.54","16.66","16.45","456.86M","2.09%"
"09/17/2013","16.26","16.00","16.42","15.98","399.38M","1.12%"
"09/16/2013","16.08","16.46","16.49","15.97","548.55M","-3.13%"
"09/13/2013","16.60","16.76","16.85","16.60","298.83M","-1.66%"
"09/12/2013","16.88","16.73","16.98","16.64","404.05M","1.08%"
"09/11/2013","16.70","16.68","16.92","16.60","898.69M","-5.49%"
"09/10/2013","17.67","18.08","18.12","17.48","743.20M","-2.27%"
"09/09/2013","18.08","18.04","18.14","17.98","340.69M","1.63%"
"09/06/2013","17.79","17.80","17.83","17.50","359.53M","0.57%"
"09/05/2013","17.69","17.87","17.88","17.63","236.37M","-0.67%"
"09/04/2013","17.81","17.84","17.94","17.72","345.03M","2.06%"
"09/03/2013","17.45","17.61","17.88","17.41","332.10M","0.29%"
"08/30/2013","17.40","17.57","17.61","17.37","272.40M","-0.91%"
"08/29/2013","17.56","17.56","17.73","17.54","239.66M","0.17%"
"08/28/2013","17.53","17.36","17.71","17.36","307.61M","0.46%"
"08/27/2013","17.45","17.79","17.95","17.37","424.19M","-2.84%"
"08/26/2013","17.96","17.88","18.22","17.87","330.96M","0.39%"
"08/23/2013","17.89","17.97","17.98","17.83","222.73M","-0.39%"
"08/22/2013","17.96","18.03","18.06","17.79","244.21M","0.11%"
"08/21/2013","17.94","17.99","18.11","17.90","335.88M","0.22%"
"08/20/2013","17.90","18.20","18.23","17.89","358.69M","-1.27%"
"08/19/2013","18.13","18.01","18.35","18.00","510.52M","1.06%"
"08/16/2013","17.94","17.86","17.96","17.82","362.30M","0.90%"
"08/15/2013","17.78","17.73","17.94","17.47","490.29M","-0.11%"
"08/14/2013","17.80","17.78","18.01","17.62","756.37M","1.83%"
"08/13/2013","17.48","16.82","17.67","16.72","881.94M","4.73%"
"08/12/2013","16.69","16.32","16.74","16.31","364.43M","2.83%"
"08/09/2013","16.23","16.38","16.44","16.20","267.62M","-1.40%"
"08/08/2013","16.46","16.57","16.57","16.36","256.00M","-0.90%"
"08/07/2013","16.61","16.56","16.68","16.49","298.86M","-0.06%"
"08/06/2013","16.62","16.71","16.85","16.51","334.91M","-0.89%"
"08/05/2013","16.77","16.60","16.81","16.51","318.85M","1.51%"
"08/02/2013","16.52","16.36","16.53","16.31","274.78M","1.29%"
"08/01/2013","16.31","16.28","16.31","16.19","206.25M","0.93%"
"07/31/2013","16.16","16.25","16.33","16.05","322.96M","-0.19%"
"07/30/2013","16.19","16.07","16.33","16.04","309.42M","1.25%"
"07/29/2013","15.99","15.74","16.07","15.72","248.44M","1.52%"
"07/26/2013","15.75","15.55","15.75","15.51","200.28M","0.57%"
"07/25/2013","15.66","15.74","15.76","15.56","229.68M","-0.45%"
"07/24/2013","15.73","15.68","15.88","15.54","592.06M","5.15%"
"07/23/2013","14.96","15.21","15.25","14.95","369.39M","-1.77%"
"07/22/2013","15.23","15.34","15.35","15.20","207.99M","0.33%"
"07/19/2013","15.18","15.47","15.50","15.16","268.78M","-1.56%"
"07/18/2013","15.42","15.48","15.53","15.38","219.04M","0.33%"
"07/17/2013","15.37","15.35","15.44","15.29","199.06M","0.07%"
"07/16/2013","15.36","15.23","15.38","15.15","216.54M","0.59%"
"07/15/2013","15.27","15.18","15.41","15.17","242.17M","0.26%"
"07/12/2013","15.23","15.27","15.35","15.12","279.64M","-0.20%"
"07/11/2013","15.26","15.11","15.29","15.04","326.48M","1.53%"
"07/10/2013","15.03","14.99","15.17","14.94","281.40M","-0.33%"
"07/09/2013","15.08","14.77","15.12","14.66","352.69M","1.75%"
"07/08/2013","14.82","15.00","15.04","14.67","298.31M","-0.60%"
"07/05/2013","14.91","15.01","15.12","14.83","274.08M","-0.80%"
"07/03/2013","15.03","15.03","15.11","14.91","240.93M","0.54%"
"07/02/2013","14.95","14.64","15.06","14.62","470.09M","2.33%"
"07/01/2013","14.61","14.38","14.72","14.33","391.17M","3.18%"
"06/28/2013","14.16","13.98","14.30","13.89","578.64M","0.71%"
"06/27/2013","14.06","14.26","14.34","14.05","337.40M","-1.13%"
"06/26/2013","14.22","14.42","14.46","14.13","367.95M","-1.11%"
"06/25/2013","14.38","14.49","14.56","14.24","314.34M","0.00%"
"06/24/2013","14.38","14.55","14.59","14.22","480.75M","-2.64%"
"06/21/2013","14.77","14.95","15.00","14.57","481.25M","-0.81%"
"06/20/2013","14.89","14.97","15.21","14.83","357.50M","-1.46%"
"06/19/2013","15.11","15.41","15.42","15.11","311.03M","-2.01%"
"06/18/2013","15.42","15.41","15.53","15.36","195.16M","-0.06%"
"06/17/2013","15.43","15.41","15.56","15.37","259.44M","0.46%"
"06/14/2013","15.36","15.55","15.58","15.30","272.08M","-1.35%"
"06/13/2013","15.57","15.45","15.61","15.31","286.11M","0.84%"
"06/12/2013","15.44","15.70","15.76","15.41","265.43M","-1.22%"
"06/11/2013","15.63","15.56","15.81","15.48","286.38M","-0.26%"
"06/10/2013","15.67","15.88","16.04","15.60","450.36M","-0.70%"
"06/07/2013","15.78","15.59","15.83","15.46","404.74M","0.77%"
"06/06/2013","15.66","15.91","15.96","15.50","417.07M","-1.51%"
"06/05/2013","15.90","15.92","16.10","15.85","290.59M","-0.93%"
"06/04/2013","16.05","16.19","16.23","15.98","292.73M","-0.31%"
"06/03/2013","16.10","16.10","16.16","15.80","372.35M","0.25%"
"05/31/2013","16.06","16.16","16.32","16.05","384.30M","-0.43%"
"05/30/2013","16.13","15.92","16.23","15.88","353.71M","1.51%"
"05/29/2013","15.89","15.71","15.98","15.69","330.78M","0.76%"
"05/28/2013","15.77","16.07","16.11","15.74","386.15M","-0.82%"
"05/24/2013","15.90","15.74","15.92","15.73","276.43M","0.70%"
"05/23/2013","15.79","15.57","15.93","15.56","353.38M","0.19%"
"05/22/2013","15.76","15.86","16.01","15.65","443.26M","0.38%"
"05/21/2013","15.70","15.65","15.91","15.51","456.30M","-0.76%"
"05/20/2013","15.82","15.43","15.92","15.36","451.58M","2.26%"
"05/17/2013","15.47","15.68","15.72","15.39","428.08M","-0.32%"
"05/16/2013","15.52","15.12","15.64","14.96","603.47M","1.31%"
"05/15/2013","15.32","15.68","15.75","15.08","741.61M","-3.34%"
"05/14/2013","15.85","16.21","16.26","15.79","447.12M","-2.40%"
"05/13/2013","16.24","16.13","16.35","16.12","317.11M","0.37%"
"05/10/2013","16.18","16.36","16.42","16.09","334.85M","-0.80%"
"05/09/2013","16.31","16.42","16.54","16.27","398.75M","-1.57%"
"05/08/2013","16.57","16.39","16.62","16.28","472.60M","1.16%"
"05/07/2013","16.38","16.61","16.63","16.20","483.75M","-0.43%"
"05/06/2013","16.45","16.28","16.51","16.23","496.64M","2.36%"
"05/03/2013","16.07","16.12","16.19","16.04","361.53M","1.01%"
"05/02/2013","15.91","15.78","16.02","15.74","422.03M","1.40%"
"05/01/2013","15.69","15.87","15.89","15.51","507.16M","-0.76%"
"04/30/2013","15.81","15.54","15.90","15.43","691.54M","2.93%"
"04/29/2013","15.36","15.02","15.49","15.00","640.33M","3.09%"
"04/26/2013","14.90","14.64","14.96","14.58","764.28M","2.19%"
"04/25/2013","14.58","14.69","14.78","14.54","384.84M","0.69%"
"04/24/2013","14.48","14.05","14.83","14.02","969.83M","-0.14%"
"04/23/2013","14.50","14.43","14.59","14.24","664.24M","1.83%"
"04/22/2013","14.24","14.02","14.36","13.97","429.92M","2.08%"
"04/19/2013","13.95","13.86","14.27","13.75","609.27M","-0.36%"
"04/18/2013","14.00","14.46","14.49","13.92","666.30M","-2.71%"
"04/17/2013","14.39","15.01","15.02","14.22","945.05M","-5.45%"
"04/16/2013","15.22","15.06","15.24","15.02","305.77M","1.53%"
"04/15/2013","14.99","15.25","15.28","14.98","317.52M","-2.35%"
"04/12/2013","15.35","15.51","15.51","15.32","238.73M","-1.03%"
"04/11/2013","15.51","15.49","15.64","15.40","328.62M","-0.32%"
"04/10/2013","15.56","15.29","15.61","15.21","375.93M","2.03%"
"04/09/2013","15.25","15.23","15.30","15.10","306.75M","0.20%"
"04/08/2013","15.22","15.17","15.27","15.09","301.06M","0.73%"
"04/05/2013","15.11","15.16","15.18","14.99","383.69M","-1.11%"
"04/04/2013","15.28","15.49","15.54","15.19","358.66M","-0.97%"
"04/03/2013","15.43","15.41","15.62","15.37","363.22M","0.52%"
"04/02/2013","15.35","15.27","15.65","15.23","529.77M","0.20%"
"04/01/2013","15.32","15.78","15.85","15.28","389.73M","-3.10%"
"03/28/2013","15.81","16.06","16.14","15.77","442.98M","-2.11%"
"03/27/2013","16.15","16.30","16.31","16.10","331.41M","-1.94%"
"03/26/2013","16.47","16.62","16.64","16.45","294.29M","-0.54%"
"03/25/2013","16.56","16.60","16.78","16.49","501.13M","0.36%"
"03/22/2013","16.50","16.23","16.50","16.18","395.10M","2.04%"
"03/21/2013","16.17","16.08","16.36","16.07","383.25M","0.12%"
"03/20/2013","16.15","16.34","16.34","16.06","308.66M","-0.49%"
"03/19/2013","16.23","16.41","16.46","16.02","526.77M","-0.31%"
"03/18/2013","16.28","15.77","16.34","15.76","606.20M","2.78%"
"03/15/2013","15.84","15.64","15.87","15.62","643.96M","2.52%"
"03/14/2013","15.45","15.46","15.52","15.37","303.88M","0.98%"
"03/13/2013","15.30","15.30","15.52","15.19","405.82M","0.00%"
"03/12/2013","15.30","15.56","15.67","15.27","465.91M","-2.17%"
"03/11/2013","15.64","15.35","15.68","15.18","474.23M","1.43%"
"03/08/2013","15.42","15.35","15.55","15.31","391.60M","0.26%"
"03/07/2013","15.38","15.16","15.43","15.04","468.47M","1.18%"
"03/06/2013","15.20","15.52","15.54","15.16","460.25M","-1.30%"
"03/05/2013","15.40","15.05","15.54","15.03","638.43M","2.67%"
"03/04/2013","15.00","15.28","15.29","14.96","582.74M","-2.41%"
"03/01/2013","15.37","15.64","15.65","15.36","552.45M","-2.47%"
"02/28/2013","15.76","15.86","16.00","15.76","322.52M","-0.76%"
"02/27/2013","15.88","16.02","16.16","15.74","587.35M","-0.94%"
"02/26/2013","16.03","15.85","16.13","15.63","501.50M","1.39%"
"02/25/2013","15.81","16.21","16.25","15.81","372.58M","-1.80%"
"02/22/2013","16.10","16.04","16.13","15.95","330.65M","1.07%"
"02/21/2013","15.93","15.93","16.04","15.81","447.18M","-0.62%"
"02/20/2013","16.03","16.35","16.35","16.03","476.30M","-2.43%"
"02/19/2013","16.43","16.47","16.53","16.21","435.78M","0.00%"
"02/15/2013","16.43","16.74","16.79","16.43","391.93M","-1.38%"
"02/14/2013","16.66","16.59","16.84","16.57","355.51M","-0.12%"
"02/13/2013","16.68","16.69","16.92","16.54","475.21M","-0.18%"
"02/12/2013","16.71","17.13","17.23","16.71","609.05M","-2.51%"
"02/11/2013","17.14","17.02","17.32","16.90","517.43M","1.06%"
"02/08/2013","16.96","16.93","17.10","16.72","633.16M","1.44%"
"02/07/2013","16.72","16.54","16.79","16.22","704.58M","2.39%"
"02/06/2013","16.33","16.30","16.66","16.16","593.70M","-0.12%"
"02/05/2013","16.35","15.86","16.42","15.79","573.35M","3.48%"
"02/04/2013","15.80","16.21","16.28","15.79","477.12M","-2.47%"
"02/01/2013","16.20","16.40","16.41","16.01","539.47M","-0.43%"
"01/31/2013","16.27","16.32","16.40","16.25","319.33M","-0.31%"
"01/30/2013","16.32","16.32","16.52","16.23","417.15M","-0.31%"
"01/29/2013","16.37","16.37","16.44","16.15","571.07M","1.87%"
"01/28/2013","16.07","15.64","16.19","15.57","785.52M","2.29%"
"01/25/2013","15.71","16.13","16.29","15.54","1.21B","-2.36%"
"01/24/2013","16.09","16.43","16.63","16.08","1.46B","-12.36%"
"01/23/2013","18.36","18.17","18.39","18.03","861.50M","1.83%"
"01/22/2013","18.03","18.02","18.14","17.74","461.55M","0.95%"
"01/18/2013","17.86","17.80","17.94","17.73","473.15M","-0.50%"
"01/17/2013","17.95","18.23","18.24","17.93","453.65M","-0.66%"
"01/16/2013","18.07","17.67","18.19","17.59","690.80M","4.15%"
"01/15/2013","17.35","17.80","17.82","17.26","876.77M","-3.18%"
"01/14/2013","17.92","17.95","18.12","17.80","734.18M","-3.55%"
"01/11/2013","18.58","18.61","18.76","18.54","350.76M","-0.64%"
"01/10/2013","18.70","18.88","18.88","18.41","601.14M","1.25%"
"01/09/2013","18.47","18.66","18.75","18.43","407.60M","-1.55%"
"01/08/2013","18.76","18.90","19.00","18.62","458.71M","0.27%"
"01/07/2013","18.71","18.64","18.90","18.40","484.15M","-0.58%"
"01/04/2013","18.82","19.18","19.24","18.78","594.33M","-2.79%"
"01/03/2013","19.36","19.57","19.63","19.32","352.96M","-1.27%"
"01/02/2013","19.61","19.78","19.82","19.34","560.50M","3.16%"
"12/31/2012","19.01","18.23","19.12","18.18","659.49M","4.45%"
"12/28/2012","18.20","18.22","18.37","18.15","354.28M","-1.03%"
"12/27/2012","18.39","18.34","18.44","18.02","455.12M","0.38%"
"12/26/2012","18.32","18.54","18.55","18.25","302.44M","-1.40%"
"12/24/2012","18.58","18.58","18.72","18.53","175.75M","0.16%"
"12/21/2012","18.55","18.30","18.56","18.22","596.52M","-0.43%"
"12/20/2012","18.63","18.93","18.94","18.53","481.69M","-0.90%"
"12/19/2012","18.80","18.98","19.06","18.77","449.36M","-1.42%"
"12/18/2012","19.07","18.75","19.10","18.58","625.67M","2.91%"
"12/17/2012","18.53","18.18","18.57","17.90","758.94M","1.76%"
"12/14/2012","18.21","18.38","18.50","18.06","1.01B","-3.75%"
"12/13/2012","18.92","18.97","19.20","18.78","625.26M","-1.71%"
"12/12/2012","19.25","19.56","19.57","19.15","487.13M","-0.47%"
"12/11/2012","19.34","19.28","19.63","19.19","592.34M","2.22%"
"12/10/2012","18.92","18.75","19.23","18.63","630.48M","-0.63%"
"12/07/2012","19.04","19.76","19.83","18.93","787.77M","-2.56%"
"12/06/2012","19.54","18.89","19.76","18.52","1.18B","1.56%"
"12/05/2012","19.24","20.32","20.33","19.24","1.04B","-6.47%"
"12/04/2012","20.57","20.78","20.78","20.43","557.93M","-1.77%"
"12/03/2012","20.94","21.20","21.24","20.91","364.28M","0.19%"
"11/30/2012","20.90","20.96","21.01","20.81","391.30M","-0.71%"
"11/29/2012","21.05","21.08","21.22","20.90","514.70M","1.10%"
"11/28/2012","20.82","20.62","20.92","20.44","521.06M","-0.29%"
"11/27/2012","20.88","21.06","21.09","20.72","533.31M","-0.81%"
"11/26/2012","21.05","20.57","21.07","20.49","630.58M","3.14%"
"11/23/2012","20.41","20.26","20.43","20.09","272.83M","1.74%"
"11/21/2012","20.06","20.15","20.26","19.88","373.23M","0.15%"
"11/20/2012","20.03","20.43","20.43","19.81","642.75M","-0.84%"
"11/19/2012","20.20","19.31","20.27","19.28","823.17M","7.16%"
"11/16/2012","18.85","18.76","18.93","18.06","1.27B","0.43%"
"11/15/2012","18.77","19.20","19.27","18.66","789.91M","-2.09%"
"11/14/2012","19.17","19.48","19.55","19.15","477.17M","-1.13%"
"11/13/2012","19.39","19.25","19.66","19.16","533.21M","0.00%"
"11/12/2012","19.39","19.79","19.80","19.24","515.80M","-0.77%"
"11/09/2012","19.54","19.30","19.82","19.06","929.91M","1.72%"
"11/08/2012","19.21","20.02","20.08","19.12","1.06B","-3.61%"
"11/07/2012","19.93","20.49","20.52","19.85","793.65M","-4.27%"
"11/06/2012","20.82","21.08","21.10","20.72","374.92M","-0.29%"
"11/05/2012","20.88","20.84","20.99","20.63","529.29M","1.36%"
"11/02/2012","20.60","21.28","21.32","20.53","599.37M","-3.29%"
"11/01/2012","21.30","21.36","21.54","21.22","361.45M","0.19%"
"10/31/2012","21.26","21.25","21.50","20.99","510.00M","-1.44%"
"10/26/2012","21.57","21.77","21.93","21.11","1.02B","-0.92%"
"10/25/2012","21.77","22.14","22.21","21.63","656.33M","-1.18%"
"10/24/2012","22.03","22.19","22.38","21.81","558.53M","0.55%"
"10/23/2012","21.91","22.54","22.64","21.85","707.15M","-3.22%"
"10/22/2012","22.64","21.87","22.69","21.81","546.73M","3.95%"
"10/19/2012","21.78","22.54","22.56","21.77","744.08M","-3.59%"
"10/18/2012","22.59","22.84","22.93","22.50","476.62M","-1.87%"
"10/17/2012","23.02","23.17","23.31","23.00","389.31M","-0.82%"
"10/16/2012","23.21","22.69","23.22","22.54","549.77M","2.38%"
"10/15/2012","22.67","22.58","22.68","22.28","432.50M","0.80%"
"10/12/2012","22.49","22.48","22.69","22.33","460.02M","0.27%"
"10/11/2012","22.43","23.09","23.11","22.43","546.08M","-2.01%"
"10/10/2012","22.89","22.85","23.03","22.75","510.36M","0.79%"
"10/09/2012","22.71","22.81","22.87","22.27","838.60M","-0.35%"
"10/08/2012","22.79","23.10","23.13","22.72","637.98M","-2.23%"
"10/05/2012","23.31","23.76","23.79","23.26","594.01M","-2.10%"
"10/04/2012","23.81","23.97","24.08","23.77","370.76M","-0.71%"
"10/03/2012","23.98","23.74","23.99","23.67","424.28M","1.52%"
"10/02/2012","23.62","23.64","23.80","23.24","627.99M","0.30%"
"10/01/2012","23.55","23.97","24.17","23.45","543.58M","-1.17%"
"09/28/2012","23.83","24.24","24.33","23.81","535.11M","-2.06%"
"09/27/2012","24.33","23.72","24.36","23.58","594.09M","2.40%"
"09/26/2012","23.76","23.88","24.02","23.61","576.70M","-1.21%"
"09/25/2012","24.05","24.58","24.74","24.04","518.76M","-2.51%"
"09/24/2012","24.67","24.53","24.83","24.39","639.75M","-1.32%"
"09/21/2012","25.00","25.09","25.18","24.98","571.59M","0.20%"
"09/20/2012","24.95","24.97","25.00","24.77","336.57M","-0.48%"
"09/19/2012","25.07","25.01","25.14","24.98","326.86M","0.00%"
"09/18/2012","25.07","25.00","25.08","24.87","373.50M","0.32%"
"09/17/2012","24.99","24.98","24.99","24.81","398.03M","1.22%"
"09/14/2012","24.69","24.64","24.89","24.57","600.47M","1.23%"
"09/13/2012","24.39","24.19","24.48","24.10","598.36M","1.96%"
"09/12/2012","23.92","23.82","23.92","23.43","712.22M","1.40%"
"09/11/2012","23.59","23.75","23.93","23.45","503.94M","-0.34%"
"09/10/2012","23.67","24.30","24.40","23.65","488.00M","-2.59%"
"09/07/2012","24.30","24.22","24.37","24.13","329.66M","0.62%"
"09/06/2012","24.15","24.04","24.22","23.96","391.38M","0.88%"
"09/05/2012","23.94","24.13","24.16","23.91","336.36M","-0.71%"
"09/04/2012","24.11","23.78","24.11","23.73","367.89M","1.47%"
"08/31/2012","23.76","23.83","23.88","23.47","338.32M","0.21%"
"08/30/2012","23.71","23.95","23.98","23.67","302.69M","-1.41%"
"08/29/2012","24.05","24.12","24.20","24.02","202.80M","-0.21%"
"08/28/2012","24.10","24.11","24.15","23.95","267.38M","-0.12%"
"08/27/2012","24.13","24.29","24.32","24.05","426.91M","1.86%"
"08/24/2012","23.69","23.55","23.91","23.41","437.34M","0.08%"
"08/23/2012","23.67","23.79","23.92","23.61","420.12M","-0.92%"
"08/22/2012","23.89","23.37","23.89","23.15","565.32M","1.96%"
"08/21/2012","23.43","23.96","24.10","23.23","812.71M","-1.39%"
"08/20/2012","23.76","23.21","23.76","23.21","613.38M","2.63%"
"08/17/2012","23.15","22.86","23.15","22.81","442.76M","1.85%"
"08/16/2012","22.73","22.54","22.74","22.52","254.78M","0.89%"
"08/15/2012","22.53","22.55","22.64","22.42","257.51M","-0.13%"
"08/14/2012","22.56","22.57","22.81","22.51","340.17M","0.27%"
"08/13/2012","22.50","22.26","22.50","22.26","278.83M","1.35%"
"08/10/2012","22.20","22.10","22.21","22.10","195.06M","0.14%"
"08/09/2012","22.17","22.07","22.20","22.06","221.81M","0.14%"
"08/08/2012","22.14","22.12","22.28","22.04","244.70M","-0.18%"
"08/07/2012","22.18","22.24","22.32","22.07","290.51M","-0.22%"
"08/06/2012","22.23","22.05","22.32","21.97","302.32M","1.09%"
"08/03/2012","21.99","21.92","22.07","21.84","344.91M","1.29%"
"08/02/2012","21.71","21.53","21.81","21.44","332.25M","0.18%"
"08/01/2012","21.67","22.00","22.01","21.54","384.50M","-0.64%"
"07/31/2012","21.81","21.54","21.85","21.53","462.33M","2.64%"
"07/30/2012","21.25","21.10","21.41","20.99","379.14M","1.67%"
"07/27/2012","20.90","20.54","20.92","20.41","404.05M","1.80%"
"07/26/2012","20.53","20.71","20.73","20.37","406.81M","0.00%"
"07/25/2012","20.53","20.52","20.74","20.36","877.26M","-4.33%"
"07/24/2012","21.46","21.69","21.77","21.38","565.13M","-0.51%"
"07/23/2012","21.57","21.23","21.64","20.99","487.98M","-0.05%"
"07/20/2012","21.58","21.89","21.94","21.56","397.47M","-1.64%"
"07/19/2012","21.94","21.83","21.98","21.64","436.86M","1.34%"
"07/18/2012","21.65","21.66","21.73","21.56","252.70M","-0.14%"
"07/17/2012","21.68","21.81","21.84","21.54","293.81M","0.00%"
"07/16/2012","21.68","21.61","21.84","21.61","301.31M","0.32%"
"07/13/2012","21.61","21.53","21.69","21.43","311.62M","1.03%"
"07/12/2012","21.39","21.44","21.55","21.17","427.99M","-0.93%"
"07/11/2012","21.59","21.65","21.70","21.33","469.32M","-0.60%"
"07/10/2012","21.72","22.07","22.14","21.62","511.96M","-0.91%"
"07/09/2012","21.92","21.62","21.92","21.58","379.40M","1.29%"
"07/06/2012","21.64","21.68","21.73","21.48","419.03M","-0.64%"
"07/05/2012","21.78","21.45","21.94","21.42","484.38M","1.73%"
"07/03/2012","21.41","21.25","21.43","21.21","241.71M","1.18%"
"07/02/2012","21.16","20.88","21.20","20.84","400.09M","1.44%"
"06/29/2012","20.86","20.64","20.86","20.51","421.44M","2.66%"
"06/28/2012","20.32","20.42","20.50","20.20","283.04M","-0.97%"
"06/27/2012","20.52","20.54","20.60","20.43","203.06M","0.44%"
"06/26/2012","20.43","20.40","20.52","20.26","276.75M","0.25%"
"06/25/2012","20.38","20.62","20.71","20.37","304.35M","-1.97%"
"06/22/2012","20.79","20.68","20.79","20.55","284.75M","0.78%"
"06/21/2012","20.63","20.91","21.01","20.62","326.51M","-1.39%"
"06/20/2012","20.92","21.01","21.04","20.74","359.16M","-0.29%"
"06/19/2012","20.98","20.84","21.07","20.82","361.40M","0.29%"
"06/18/2012","20.92","20.39","21.00","20.37","440.41M","2.05%"
"06/15/2012","20.50","20.39","20.52","20.34","335.25M","0.44%"
"06/14/2012","20.41","20.40","20.48","20.26","345.84M","-0.10%"
"06/13/2012","20.43","20.52","20.66","20.37","293.77M","-0.73%"
"06/12/2012","20.58","20.52","20.59","20.24","435.58M","0.88%"
"06/11/2012","20.40","20.99","21.02","20.38","591.26M","-1.59%"
"06/08/2012","20.73","20.41","20.74","20.32","347.49M","1.52%"
"06/07/2012","20.42","20.62","20.62","20.37","379.97M","0.05%"
"06/06/2012","20.41","20.28","20.49","20.20","401.45M","1.54%"
"06/05/2012","20.10","20.05","20.23","19.94","388.21M","-0.25%"
"06/04/2012","20.15","20.05","20.27","19.59","556.99M","0.55%"
"06/01/2012","20.04","20.33","20.45","20.02","520.98M","-2.86%"
"05/31/2012","20.63","20.74","20.77","20.41","491.91M","-0.24%"
"05/30/2012","20.68","20.33","20.71","20.23","529.42M","1.17%"
"05/29/2012","20.44","20.39","20.50","20.19","380.51M","1.79%"
"05/25/2012","20.08","20.16","20.21","19.95","328.47M","-0.54%"
"05/24/2012","20.19","20.57","20.59","20.04","496.20M","-0.93%"
"05/23/2012","20.38","19.91","20.46","19.76","584.90M","2.46%"
"05/22/2012","19.89","20.34","20.50","19.73","694.79M","-0.80%"
"05/21/2012","20.05","19.09","20.05","19.07","631.09M","5.86%"
"05/18/2012","18.94","19.07","19.41","18.65","732.29M","0.05%"
"05/17/2012","18.93","19.48","19.55","18.93","717.22M","-2.92%"
"05/16/2012","19.50","19.79","19.89","19.32","560.90M","-1.32%"
"05/15/2012","19.76","20.05","20.11","19.71","476.31M","-0.90%"
"05/14/2012","19.94","20.09","20.27","19.91","352.62M","-1.48%"
"05/11/2012","20.24","20.18","20.52","20.16","399.55M","-0.69%"
"05/10/2012","20.38","20.52","20.57","20.30","333.27M","0.25%"
"05/09/2012","20.33","20.13","20.50","20.03","480.70M","0.20%"
"05/08/2012","20.29","20.34","20.41","19.95","497.25M","-0.25%"
"05/07/2012","20.34","20.05","20.46","20.04","460.29M","0.74%"
"05/04/2012","20.19","20.61","20.66","20.18","529.99M","-2.84%"
"05/03/2012","20.78","21.09","21.12","20.72","390.55M","-0.72%"
"05/02/2012","20.93","20.72","20.98","20.67","427.62M","0.67%"
"05/01/2012","20.79","20.89","21.31","20.76","611.00M","-0.34%"
"04/30/2012","20.86","21.35","21.37","20.82","506.14M","-3.16%"
"04/27/2012","21.54","21.61","21.65","21.45","406.77M","-0.74%"
"04/26/2012","21.70","21.94","21.95","21.50","536.07M","-0.41%"
"04/25/2012","21.79","21.99","22.07","21.64","905.71M","8.90%"
"04/24/2012","20.01","20.09","20.27","19.82","1.08B","-2.01%"
"04/23/2012","20.42","20.38","20.60","19.88","966.52M","-0.20%"
"04/20/2012","20.46","21.12","21.24","20.37","1.03B","-2.48%"
"04/19/2012","20.98","21.44","21.60","20.88","834.71M","-3.45%"
"04/18/2012","21.73","21.92","22.15","21.53","954.53M","-0.18%"
"04/17/2012","21.77","20.68","21.79","20.43","1.03B","5.07%"
"04/16/2012","20.72","21.79","21.80","20.65","1.05B","-4.16%"
"04/13/2012","21.62","22.29","22.31","21.55","859.65M","-2.79%"
"04/12/2012","22.24","22.32","22.55","22.16","614.33M","-0.54%"
"04/11/2012","22.36","22.72","22.75","22.26","696.61M","-0.36%"
"04/10/2012","22.44","22.85","23.00","22.36","889.69M","-1.23%"
"04/09/2012","22.72","22.36","22.85","22.33","597.54M","0.40%"
"04/05/2012","22.63","22.39","22.67","22.26","641.28M","1.48%"
"04/04/2012","22.30","22.30","22.35","22.04","572.98M","-0.80%"
"04/03/2012","22.48","22.40","22.58","22.23","834.55M","1.77%"
"04/02/2012","22.09","21.49","22.10","21.44","598.35M","3.18%"
"03/30/2012","21.41","21.74","21.81","21.35","731.04M","-1.70%"
"03/29/2012","21.78","21.88","22.02","21.69","608.24M","-1.27%"
"03/28/2012","22.06","22.08","22.19","21.80","655.46M","0.50%"
"03/27/2012","21.95","21.65","22.01","21.64","607.13M","1.25%"
"03/26/2012","21.68","21.42","21.68","21.26","595.74M","1.83%"
"03/23/2012","21.29","21.45","21.49","21.23","430.49M","-0.51%"
"03/22/2012","21.40","21.35","21.59","21.27","624.13M","-0.56%"
"03/21/2012","21.52","21.53","21.77","21.48","644.04M","-0.55%"
"03/20/2012","21.64","21.41","21.67","20.79","816.67M","0.79%"
"03/19/2012","21.47","21.37","21.49","21.04","901.24M","2.68%"
"03/16/2012","20.91","20.88","21.04","20.64","825.49M","0.00%"
"03/15/2012","20.91","21.41","21.43","20.66","1.16B","-0.71%"
"03/14/2012","21.06","20.64","21.24","20.55","1.42B","3.79%"
"03/13/2012","20.29","19.91","20.29","19.85","690.85M","2.94%"
"03/12/2012","19.71","19.61","19.71","19.54","407.28M","1.23%"
"03/09/2012","19.47","19.44","19.56","19.40","418.90M","0.57%"
"03/08/2012","19.36","19.10","19.39","19.00","516.44M","2.16%"
"03/07/2012","18.95","19.17","19.21","18.69","798.52M","0.05%"
"03/06/2012","18.94","18.70","19.06","18.44","810.24M","-0.53%"
"03/05/2012","19.04","19.48","19.55","18.79","809.12M","-2.21%"
"03/02/2012","19.47","19.44","19.53","19.38","431.71M","0.10%"
"03/01/2012","19.45","19.58","19.58","19.24","683.25M","0.41%"
"02/29/2012","19.37","19.34","19.56","19.13","952.00M","1.31%"
"02/28/2012","19.12","18.86","19.12","18.78","600.39M","1.81%"
"02/27/2012","18.78","18.62","18.87","18.44","547.58M","0.64%"
"02/24/2012","18.66","18.56","18.67","18.52","415.28M","1.19%"
"02/23/2012","18.44","18.40","18.49","18.20","568.03M","0.66%"
"02/22/2012","18.32","18.32","18.41","18.18","483.30M","-0.38%"
"02/21/2012","18.39","18.10","18.39","18.00","605.59M","2.57%"
"02/17/2012","17.93","17.97","18.13","17.87","535.79M","-0.06%"
"02/16/2012","17.94","17.55","18.03","17.38","944.55M","0.96%"
"02/15/2012","17.77","18.37","18.80","17.75","1.51B","-2.31%"
"02/14/2012","18.19","18.02","18.20","17.93","461.93M","1.34%"
"02/13/2012","17.95","17.84","17.99","17.75","517.21M","1.87%"
"02/10/2012","17.62","17.53","17.77","17.45","631.30M","0.06%"
"02/09/2012","17.61","17.17","17.74","17.16","884.22M","3.47%"
"02/08/2012","17.02","16.80","17.03","16.77","407.88M","1.67%"
"02/07/2012","16.74","16.62","16.78","16.59","316.22M","1.03%"
"02/06/2012","16.57","16.37","16.61","16.36","249.68M","0.91%"
"02/03/2012","16.42","16.33","16.43","16.27","286.87M","1.05%"
"02/02/2012","16.25","16.28","16.33","16.21","186.79M","-0.25%"
"02/01/2012","16.29","16.37","16.39","16.27","270.04M","-0.06%"
"01/31/2012","16.30","16.27","16.37","16.18","391.91M","0.74%"
"01/30/2012","16.18","15.92","16.21","15.91","379.33M","1.31%"
"01/27/2012","15.97","15.87","16.02","15.85","299.89M","0.57%"
"01/26/2012","15.88","16.01","16.03","15.83","324.23M","-0.44%"
"01/25/2012","15.95","16.23","16.23","15.85","958.26M","6.26%"
"01/24/2012","15.01","15.18","15.18","14.98","547.64M","-1.64%"
"01/23/2012","15.26","15.10","15.30","15.08","306.06M","1.67%"
"01/20/2012","15.01","15.27","15.27","14.99","413.97M","-1.77%"
"01/19/2012","15.28","15.36","15.41","15.23","261.74M","-0.33%"
"01/18/2012","15.33","15.25","15.34","15.22","276.79M","1.05%"
"01/17/2012","15.17","15.15","15.21","15.11","242.90M","1.20%"
"01/13/2012","14.99","14.99","15.02","14.95","226.16M","-0.40%"
"01/12/2012","15.05","15.08","15.10","14.96","212.72M","-0.27%"
"01/11/2012","15.09","15.10","15.10","14.98","215.19M","-0.20%"
"01/10/2012","15.12","15.21","15.21","15.05","258.33M","0.40%"
"01/09/2012","15.06","15.20","15.28","15.05","394.02M","-0.20%"
"01/06/2012","15.09","14.99","15.10","14.97","318.39M","1.07%"
"01/05/2012","14.93","14.82","14.95","14.74","271.27M","1.08%"
"01/04/2012","14.77","14.64","14.81","14.62","260.24M","0.54%"
"01/03/2012","14.69","14.62","14.73","14.61","302.26M","1.59%"